payee_id,tap_time,fare
de7gjocg9r,2023-09-01 06:11:44,2.90
j3s940pz6k,2023-09-01 14:35:35,2.90
de7gjocg9r,2023-09-01 16:27:21,2.90
i0ivudp7bf,2023-09-01 17:20:25,2.90
9w2vjl0jxm,2023-09-01 20:10:15,2.90
g5h5jt10fw,2023-09-01 21:32:26,2.90
flz8u6rlll,2023-09-02 01:05:05,2.90
i0ivudp7bf,2023-09-02 02:17:54,2.90
de7gjocg9r,2023-09-02 02:24:40,2.90
wph3jf7mvx,2023-09-02 03:32:23,2.90
wph3jf7mvx,2023-09-02 04:15:18,2.90
9w2vjl0jxm,2023-09-02 06:35:04,2.90
j3s940pz6k,2023-09-02 08:15:35,2.90
flz8u6rlll,2023-09-02 09:04:57,2.90
ip4h2hb9ko,2023-09-02 09:39:34,2.90
9w2vjl0jxm,2023-09-02 13:04:43,2.90
flz8u6rlll,2023-09-02 13:59:12,2.90
xbumnjyvmc,2023-09-02 16:11:42,2.90
wph3jf7mvx,2023-09-02 16:32:17,2.90
ip4h2hb9ko,2023-09-02 16:51:50,2.90
9w2vjl0jxm,2023-09-02 17:56:33,2.90
de7gjocg9r,2023-09-02 19:24:42,2.90
tth387umwk,2023-09-02 19:29:27,2.90
wph3jf7mvx,2023-09-02 20:33:10,2.90
de7gjocg9r,2023-09-02 20:49:32,2.90
g5h5jt10fw,2023-09-02 23:27:49,2.90
2jzxoef5cw,2023-09-02 23:42:30,2.90
hgnq18rb9y,2023-09-03 00:54:12,2.90
de7gjocg9r,2023-09-03 04:46:21,2.90
de7gjocg9r,2023-09-03 04:58:58,2.90
ip4h2hb9ko,2023-09-03 06:17:32,2.90
de7gjocg9r,2023-09-03 09:21:12,2.90
j3s940pz6k,2023-09-03 09:31:48,2.90
wph3jf7mvx,2023-09-03 09:54:37,2.90
tth387umwk,2023-09-03 10:25:39,2.90
ip4h2hb9ko,2023-09-03 10:50:36,2.90
de7gjocg9r,2023-09-03 13:57:16,2.90
ip4h2hb9ko,2023-09-03 16:31:52,2.90
de7gjocg9r,2023-09-03 17:04:20,2.90
ip4h2hb9ko,2023-09-03 19:11:09,2.90
ix5q58h9v4,2023-09-03 20:26:21,2.90
2jzxoef5cw,2023-09-03 21:12:12,2.90
qsy7qe69yj,2023-09-03 23:36:39,2.90
ew9451z6s2,2023-09-04 03:09:04,2.90
ew9451z6s2,2023-09-04 03:41:45,2.90
de7gjocg9r,2023-09-04 04:11:32,2.90
4v15qex2ub,2023-09-04 04:51:14,2.90
wph3jf7mvx,2023-09-04 06:03:52,2.90
de7gjocg9r,2023-09-04 08:28:02,2.90
qsy7qe69yj,2023-09-04 09:33:36,2.90
wph3jf7mvx,2023-09-04 11:26:44,2.90
de7gjocg9r,2023-09-04 14:40:50,0.00
ip4h2hb9ko,2023-09-04 16:44:14,2.90
9w2vjl0jxm,2023-09-04 17:27:51,2.90
j3s940pz6k,2023-09-04 20:07:47,2.90
ix5q58h9v4,2023-09-05 01:34:47,2.90
i0ivudp7bf,2023-09-05 02:00:27,2.90
i0ivudp7bf,2023-09-05 03:42:54,2.90
2jzxoef5cw,2023-09-05 03:52:01,2.90
wph3jf7mvx,2023-09-05 08:19:35,2.90
4v15qex2ub,2023-09-05 08:55:12,2.90
flz8u6rlll,2023-09-05 09:02:57,2.90
de7gjocg9r,2023-09-05 10:57:06,0.00
qsy7qe69yj,2023-09-05 12:22:48,2.90
g5h5jt10fw,2023-09-05 15:05:11,2.90
4v15qex2ub,2023-09-05 18:54:59,2.90
tth387umwk,2023-09-05 19:14:53,2.90
9w2vjl0jxm,2023-09-05 21:39:00,2.90
de7gjocg9r,2023-09-05 21:53:57,0.00
qsy7qe69yj,2023-09-05 23:48:14,2.90
de7gjocg9r,2023-09-06 01:02:55,0.00
4v15qex2ub,2023-09-06 01:25:12,2.90
2jzxoef5cw,2023-09-06 02:36:27,2.90
qsy7qe69yj,2023-09-06 05:27:26,2.90
hgnq18rb9y,2023-09-06 07:17:21,2.90
4v15qex2ub,2023-09-06 07:47:58,2.90
ip4h2hb9ko,2023-09-06 07:54:38,2.90
4v15qex2ub,2023-09-06 10:53:23,2.90
g5h5jt10fw,2023-09-06 12:21:32,2.90
hgnq18rb9y,2023-09-06 12:41:23,2.90
hgnq18rb9y,2023-09-06 13:20:45,2.90
9w2vjl0jxm,2023-09-06 13:47:59,2.90
bp9tdsusth,2023-09-06 13:50:07,2.90
j3s940pz6k,2023-09-06 17:09:50,2.90
bp9tdsusth,2023-09-06 18:23:12,2.90
wph3jf7mvx,2023-09-06 18:52:12,2.90
tth387umwk,2023-09-06 20:08:21,2.90
ew9451z6s2,2023-09-06 20:28:51,2.90
de7gjocg9r,2023-09-06 22:39:15,0.00
bp9tdsusth,2023-09-07 00:02:36,2.90
hgnq18rb9y,2023-09-07 00:04:51,2.90
wph3jf7mvx,2023-09-07 00:31:16,2.90
qsy7qe69yj,2023-09-07 00:50:15,2.90
g5h5jt10fw,2023-09-07 01:49:11,2.90
ip4h2hb9ko,2023-09-07 06:41:44,2.90
4v15qex2ub,2023-09-07 09:43:20,2.90
wph3jf7mvx,2023-09-07 10:44:56,2.90
tth387umwk,2023-09-07 13:10:55,2.90
qsy7qe69yj,2023-09-07 13:41:53,2.90
wph3jf7mvx,2023-09-07 13:46:21,2.90
4v15qex2ub,2023-09-07 15:28:52,2.90
4v15qex2ub,2023-09-07 16:23:21,2.90
2jzxoef5cw,2023-09-07 17:24:46,2.90
pd8ee634ie,2023-09-07 17:58:19,2.90
wph3jf7mvx,2023-09-07 21:42:19,0.00
de7gjocg9r,2023-09-08 02:01:07,0.00
pd8ee634ie,2023-09-08 02:45:12,2.90
tth387umwk,2023-09-08 02:52:17,2.90
qsy7qe69yj,2023-09-08 03:02:54,2.90
ip4h2hb9ko,2023-09-08 05:40:29,2.90
tth387umwk,2023-09-08 07:13:17,2.90
de7gjocg9r,2023-09-08 08:17:19,2.90
9w2vjl0jxm,2023-09-08 09:42:48,2.90
9w2vjl0jxm,2023-09-08 10:40:46,2.90
tth387umwk,2023-09-08 10:48:05,2.90
flz8u6rlll,2023-09-08 11:24:35,2.90
i0ivudp7bf,2023-09-08 12:24:55,2.90
4v15qex2ub,2023-09-08 13:08:11,2.90
ip4h2hb9ko,2023-09-08 14:50:17,2.90
bp9tdsusth,2023-09-08 15:46:05,2.90
wph3jf7mvx,2023-09-08 15:50:38,0.00
wph3jf7mvx,2023-09-08 16:24:41,0.00
bou5vkcf3l,2023-09-08 16:52:04,2.90
4v15qex2ub,2023-09-08 17:09:36,2.90
i0ivudp7bf,2023-09-08 17:18:44,2.90
de7gjocg9r,2023-09-08 19:51:20,2.90
4v15qex2ub,2023-09-08 19:58:27,2.90
de7gjocg9r,2023-09-08 20:18:23,0.00
9w2vjl0jxm,2023-09-08 20:20:21,2.90
j3s940pz6k,2023-09-09 00:18:03,2.90
g5h5jt10fw,2023-09-09 01:13:12,2.90
de7gjocg9r,2023-09-09 02:03:34,0.00
9w2vjl0jxm,2023-09-09 03:26:05,2.90
flz8u6rlll,2023-09-09 05:46:34,2.90
qsy7qe69yj,2023-09-09 05:48:16,2.90
9w2vjl0jxm,2023-09-09 06:38:00,2.90
de7gjocg9r,2023-09-09 08:38:14,2.90
ew9451z6s2,2023-09-09 09:45:36,2.90
wph3jf7mvx,2023-09-09 09:54:29,2.90
i0ivudp7bf,2023-09-09 12:06:11,2.90
4v15qex2ub,2023-09-09 12:19:39,0.00
xbumnjyvmc,2023-09-09 12:44:57,2.90
qsy7qe69yj,2023-09-09 16:55:01,2.90
j3s940pz6k,2023-09-09 17:13:28,2.90
de7gjocg9r,2023-09-09 17:18:55,0.00
2jzxoef5cw,2023-09-09 17:35:42,2.90
4v15qex2ub,2023-09-09 18:13:41,0.00
de7gjocg9r,2023-09-09 19:31:09,2.90
flz8u6rlll,2023-09-09 19:42:54,2.90
j3s940pz6k,2023-09-09 19:58:39,2.90
xbumnjyvmc,2023-09-09 20:39:36,2.90
de7gjocg9r,2023-09-09 21:08:43,2.90
wph3jf7mvx,2023-09-09 22:20:01,2.90
qsy7qe69yj,2023-09-09 23:04:08,2.90
g5h5jt10fw,2023-09-10 00:03:49,2.90
wph3jf7mvx,2023-09-10 00:11:45,2.90
hgnq18rb9y,2023-09-10 00:18:40,2.90
hgnq18rb9y,2023-09-10 02:05:31,2.90
4v15qex2ub,2023-09-10 02:54:20,0.00
flz8u6rlll,2023-09-10 03:35:01,2.90
qsy7qe69yj,2023-09-10 07:02:53,2.90
hgnq18rb9y,2023-09-10 10:38:48,2.90
g5h5jt10fw,2023-09-10 12:26:06,2.90
j3s940pz6k,2023-09-10 14:15:40,2.90
qsy7qe69yj,2023-09-10 14:41:15,0.00
m1392o51u8,2023-09-10 15:26:59,2.90
tth387umwk,2023-09-10 17:04:44,2.90
bp9tdsusth,2023-09-10 17:19:57,2.90
j3s940pz6k,2023-09-10 17:46:56,2.90
qsy7qe69yj,2023-09-10 20:40:19,0.00
ew9451z6s2,2023-09-10 22:43:14,2.90
ix5q58h9v4,2023-09-10 22:50:42,2.90
bp9tdsusth,2023-09-10 22:56:07,2.90
qsy7qe69yj,2023-09-10 23:02:52,0.00
qsy7qe69yj,2023-09-10 23:15:12,0.00
de7gjocg9r,2023-09-10 23:27:48,2.90
hgnq18rb9y,2023-09-11 02:23:13,2.90
g5h5jt10fw,2023-09-11 04:20:14,2.90
wph3jf7mvx,2023-09-11 04:36:58,2.90
bou5vkcf3l,2023-09-11 08:35:51,2.90
de7gjocg9r,2023-09-11 09:57:54,2.90
4v15qex2ub,2023-09-11 11:32:16,2.90
j3s940pz6k,2023-09-11 11:32:29,2.90
i0ivudp7bf,2023-09-11 11:51:22,2.90
wph3jf7mvx,2023-09-11 12:21:10,2.90
wph3jf7mvx,2023-09-11 12:57:13,2.90
wph3jf7mvx,2023-09-11 13:06:47,2.90
2jzxoef5cw,2023-09-11 13:25:28,2.90
2jzxoef5cw,2023-09-11 14:11:23,2.90
ix5q58h9v4,2023-09-11 14:34:58,2.90
wph3jf7mvx,2023-09-11 14:36:50,0.00
hgnq18rb9y,2023-09-11 15:28:50,2.90
de7gjocg9r,2023-09-11 15:52:00,2.90
9w2vjl0jxm,2023-09-11 16:24:50,2.90
g5h5jt10fw,2023-09-11 19:22:33,2.90
ip4h2hb9ko,2023-09-11 20:40:46,2.90
qsy7qe69yj,2023-09-11 21:07:50,2.90
4v15qex2ub,2023-09-11 22:25:05,0.00
ix5q58h9v4,2023-09-12 01:11:18,2.90
qsy7qe69yj,2023-09-12 01:26:11,2.90
flz8u6rlll,2023-09-12 02:00:51,2.90
i0ivudp7bf,2023-09-12 02:37:21,2.90
tth387umwk,2023-09-12 02:39:24,2.90
ix5q58h9v4,2023-09-12 04:37:18,2.90
g5h5jt10fw,2023-09-12 05:30:07,2.90
2jzxoef5cw,2023-09-12 08:34:08,2.90
tth387umwk,2023-09-12 09:26:05,2.90
pd8ee634ie,2023-09-12 11:20:42,2.90
4v15qex2ub,2023-09-12 11:32:10,2.90
tth387umwk,2023-09-12 11:32:56,2.90
wph3jf7mvx,2023-09-12 13:43:28,2.90
9w2vjl0jxm,2023-09-12 14:39:25,2.90
9w2vjl0jxm,2023-09-12 19:20:29,2.90
g5h5jt10fw,2023-09-12 20:24:47,2.90
tth387umwk,2023-09-12 23:12:20,2.90
2jzxoef5cw,2023-09-12 23:40:40,2.90
bou5vkcf3l,2023-09-13 03:26:33,2.90
wph3jf7mvx,2023-09-13 03:57:35,0.00
2jzxoef5cw,2023-09-13 06:54:08,2.90
wph3jf7mvx,2023-09-13 07:01:59,0.00
wph3jf7mvx,2023-09-13 09:10:55,0.00
2jzxoef5cw,2023-09-13 10:13:31,2.90
hgnq18rb9y,2023-09-13 11:40:30,2.90
tth387umwk,2023-09-13 11:43:31,2.90
wph3jf7mvx,2023-09-13 12:24:29,0.00
qsy7qe69yj,2023-09-13 12:39:42,2.90
qsy7qe69yj,2023-09-13 14:05:03,2.90
m1392o51u8,2023-09-13 14:13:42,2.90
ip4h2hb9ko,2023-09-13 14:21:19,2.90
qsy7qe69yj,2023-09-13 15:03:52,2.90
j3s940pz6k,2023-09-13 15:30:31,2.90
wph3jf7mvx,2023-09-13 16:24:06,0.00
de7gjocg9r,2023-09-13 17:17:54,2.90
bou5vkcf3l,2023-09-13 23:08:26,2.90
g5h5jt10fw,2023-09-13 23:20:57,2.90
pd8ee634ie,2023-09-13 23:24:03,2.90
flz8u6rlll,2023-09-13 23:28:59,2.90
flz8u6rlll,2023-09-13 23:35:30,2.90
pd8ee634ie,2023-09-14 00:43:51,2.90
hgnq18rb9y,2023-09-14 01:25:54,2.90
de7gjocg9r,2023-09-14 01:33:32,2.90
de7gjocg9r,2023-09-14 02:01:36,2.90
xbumnjyvmc,2023-09-14 02:08:43,2.90
wph3jf7mvx,2023-09-14 02:10:42,2.90
g5h5jt10fw,2023-09-14 02:46:19,2.90
4v15qex2ub,2023-09-14 03:19:42,2.90
2jzxoef5cw,2023-09-14 04:23:17,2.90
9w2vjl0jxm,2023-09-14 04:44:07,2.90
hgnq18rb9y,2023-09-14 05:13:02,2.90
i0ivudp7bf,2023-09-14 07:04:29,2.90
de7gjocg9r,2023-09-14 07:57:43,2.90
i0ivudp7bf,2023-09-14 08:28:40,2.90
hgnq18rb9y,2023-09-14 09:17:32,2.90
flz8u6rlll,2023-09-14 12:59:07,2.90
2jzxoef5cw,2023-09-14 13:03:29,2.90
pd8ee634ie,2023-09-14 15:08:13,2.90
flz8u6rlll,2023-09-14 16:05:41,2.90
9w2vjl0jxm,2023-09-14 17:57:51,2.90
pd8ee634ie,2023-09-14 18:18:20,2.90
ew9451z6s2,2023-09-14 20:01:17,2.90
flz8u6rlll,2023-09-14 20:33:37,2.90
bp9tdsusth,2023-09-14 21:15:12,2.90
de7gjocg9r,2023-09-14 21:58:55,0.00
i0ivudp7bf,2023-09-14 22:31:02,2.90
i0ivudp7bf,2023-09-15 00:23:24,2.90
flz8u6rlll,2023-09-15 01:56:10,2.90
tth387umwk,2023-09-15 03:48:57,2.90
2jzxoef5cw,2023-09-15 04:53:11,2.90
de7gjocg9r,2023-09-15 05:03:50,0.00
tth387umwk,2023-09-15 08:41:33,2.90
wph3jf7mvx,2023-09-15 09:16:03,2.90
9w2vjl0jxm,2023-09-15 09:27:21,2.90
hgnq18rb9y,2023-09-15 12:22:47,2.90
wph3jf7mvx,2023-09-15 13:16:50,2.90
4v15qex2ub,2023-09-15 13:43:05,2.90
qsy7qe69yj,2023-09-15 14:04:56,2.90
de7gjocg9r,2023-09-15 16:45:20,2.90
qsy7qe69yj,2023-09-15 17:25:29,2.90
hgnq18rb9y,2023-09-15 21:46:23,2.90
hgnq18rb9y,2023-09-15 23:35:48,2.90
flz8u6rlll,2023-09-16 01:22:11,2.90
4v15qex2ub,2023-09-16 02:16:09,2.90
bou5vkcf3l,2023-09-16 03:50:44,2.90
hgnq18rb9y,2023-09-16 04:41:48,0.00
bou5vkcf3l,2023-09-16 07:18:28,2.90
wph3jf7mvx,2023-09-16 08:41:44,2.90
j3s940pz6k,2023-09-16 08:52:52,2.90
4v15qex2ub,2023-09-16 08:56:07,2.90
wph3jf7mvx,2023-09-16 10:47:10,2.90
2jzxoef5cw,2023-09-16 11:00:26,2.90
de7gjocg9r,2023-09-16 11:15:17,2.90
ix5q58h9v4,2023-09-16 12:20:45,2.90
qsy7qe69yj,2023-09-16 12:37:47,2.90
hgnq18rb9y,2023-09-16 14:40:04,0.00
ip4h2hb9ko,2023-09-16 14:52:55,2.90
de7gjocg9r,2023-09-16 15:38:12,2.90
tth387umwk,2023-09-16 16:06:54,2.90
de7gjocg9r,2023-09-16 17:27:13,0.00
tth387umwk,2023-09-16 19:06:49,2.90
de7gjocg9r,2023-09-16 19:11:56,0.00
bp9tdsusth,2023-09-16 20:01:40,2.90
4v15qex2ub,2023-09-16 20:07:59,2.90
hgnq18rb9y,2023-09-16 20:27:10,0.00
flz8u6rlll,2023-09-16 20:41:49,2.90
9w2vjl0jxm,2023-09-16 21:10:16,2.90
bp9tdsusth,2023-09-16 21:21:56,2.90
ip4h2hb9ko,2023-09-16 22:46:06,2.90
qsy7qe69yj,2023-09-17 02:30:48,2.90
qsy7qe69yj,2023-09-17 04:14:07,2.90
g5h5jt10fw,2023-09-17 04:28:32,2.90
qsy7qe69yj,2023-09-17 04:46:08,2.90
flz8u6rlll,2023-09-17 05:46:55,2.90
ip4h2hb9ko,2023-09-17 05:53:54,2.90
j3s940pz6k,2023-09-17 05:56:40,2.90
bp9tdsusth,2023-09-17 09:10:35,2.90
de7gjocg9r,2023-09-17 10:13:24,2.90
2jzxoef5cw,2023-09-17 12:57:05,2.90
pd8ee634ie,2023-09-17 12:59:30,2.90
xbumnjyvmc,2023-09-17 13:18:17,2.90
qsy7qe69yj,2023-09-17 15:37:45,2.90
4v15qex2ub,2023-09-17 17:05:41,2.90
bou5vkcf3l,2023-09-17 17:59:15,2.90
j3s940pz6k,2023-09-17 18:19:27,2.90
qsy7qe69yj,2023-09-17 18:31:47,0.00
j3s940pz6k,2023-09-17 21:22:59,2.90
hgnq18rb9y,2023-09-17 21:45:17,2.90
wph3jf7mvx,2023-09-17 21:53:28,2.90
g5h5jt10fw,2023-09-17 22:44:19,2.90
9w2vjl0jxm,2023-09-18 00:21:33,2.90
wph3jf7mvx,2023-09-18 00:48:19,2.90
i0ivudp7bf,2023-09-18 01:00:51,2.90
flz8u6rlll,2023-09-18 02:01:52,2.90
2jzxoef5cw,2023-09-18 05:04:56,2.90
i0ivudp7bf,2023-09-18 06:07:46,2.90
ix5q58h9v4,2023-09-18 06:49:43,2.90
bp9tdsusth,2023-09-18 07:07:12,2.90
qsy7qe69yj,2023-09-18 07:32:38,0.00
bou5vkcf3l,2023-09-18 08:08:18,2.90
g5h5jt10fw,2023-09-18 08:34:42,2.90
tth387umwk,2023-09-18 08:40:23,2.90
4v15qex2ub,2023-09-18 09:16:52,2.90
ew9451z6s2,2023-09-18 09:22:50,2.90
qsy7qe69yj,2023-09-18 09:29:39,0.00
j3s940pz6k,2023-09-18 10:13:59,2.90
j3s940pz6k,2023-09-18 10:26:53,2.90
ip4h2hb9ko,2023-09-18 10:29:03,2.90
9w2vjl0jxm,2023-09-18 12:04:36,2.90
wph3jf7mvx,2023-09-18 14:51:04,2.90
qsy7qe69yj,2023-09-18 15:02:11,0.00
flz8u6rlll,2023-09-18 15:30:13,2.90
9w2vjl0jxm,2023-09-18 17:33:41,2.90
9w2vjl0jxm,2023-09-18 19:27:20,2.90
ip4h2hb9ko,2023-09-18 19:55:39,2.90
2jzxoef5cw,2023-09-18 22:12:05,2.90
2jzxoef5cw,2023-09-18 22:43:26,2.90
tth387umwk,2023-09-18 23:20:47,2.90
ip4h2hb9ko,2023-09-18 23:45:49,2.90
j3s940pz6k,2023-09-19 00:49:02,2.90
de7gjocg9r,2023-09-19 01:19:22,2.90
flz8u6rlll,2023-09-19 03:50:26,2.90
4v15qex2ub,2023-09-19 04:02:43,2.90
de7gjocg9r,2023-09-19 05:53:23,2.90
de7gjocg9r,2023-09-19 06:50:18,2.90
ix5q58h9v4,2023-09-19 06:53:45,2.90
j3s940pz6k,2023-09-19 09:07:29,2.90
qsy7qe69yj,2023-09-19 09:47:58,2.90
flz8u6rlll,2023-09-19 10:51:37,0.00
ip4h2hb9ko,2023-09-19 11:07:57,2.90
hgnq18rb9y,2023-09-19 13:17:31,2.90
hgnq18rb9y,2023-09-19 13:17:41,2.90
hgnq18rb9y,2023-09-19 13:33:42,2.90
wph3jf7mvx,2023-09-19 15:16:23,2.90
qsy7qe69yj,2023-09-19 17:48:47,2.90
de7gjocg9r,2023-09-19 18:34:54,2.90
hgnq18rb9y,2023-09-19 21:33:39,2.90
hgnq18rb9y,2023-09-19 21:39:32,0.00
qsy7qe69yj,2023-09-19 22:15:48,0.00
hgnq18rb9y,2023-09-20 02:14:20,0.00
ip4h2hb9ko,2023-09-20 02:40:03,2.90
bp9tdsusth,2023-09-20 04:23:12,2.90
9w2vjl0jxm,2023-09-20 05:08:48,2.90
hgnq18rb9y,2023-09-20 05:39:14,0.00
g5h5jt10fw,2023-09-20 06:02:50,2.90
9w2vjl0jxm,2023-09-20 08:21:04,2.90
9w2vjl0jxm,2023-09-20 09:14:26,2.90
bou5vkcf3l,2023-09-20 10:17:54,2.90
qsy7qe69yj,2023-09-20 12:08:30,0.00
i0ivudp7bf,2023-09-20 12:39:56,2.90
ew9451z6s2,2023-09-20 13:44:08,2.90
9w2vjl0jxm,2023-09-20 14:36:04,2.90
4v15qex2ub,2023-09-20 16:46:11,2.90
ip4h2hb9ko,2023-09-20 19:20:47,2.90
ip4h2hb9ko,2023-09-20 20:30:34,2.90
flz8u6rlll,2023-09-20 21:30:22,0.00
wph3jf7mvx,2023-09-20 22:25:27,2.90
4v15qex2ub,2023-09-21 00:01:08,2.90
9w2vjl0jxm,2023-09-21 00:09:48,0.00
hgnq18rb9y,2023-09-21 01:22:50,2.90
9w2vjl0jxm,2023-09-21 03:08:21,0.00
9w2vjl0jxm,2023-09-21 05:39:48,2.90
g5h5jt10fw,2023-09-21 08:28:02,2.90
4v15qex2ub,2023-09-21 09:38:01,2.90
qsy7qe69yj,2023-09-21 10:43:09,2.90
qsy7qe69yj,2023-09-21 11:57:21,2.90
tth387umwk,2023-09-21 15:37:16,2.90
qsy7qe69yj,2023-09-21 17:51:56,2.90
de7gjocg9r,2023-09-21 19:40:09,2.90
pd8ee634ie,2023-09-21 19:49:47,2.90
ip4h2hb9ko,2023-09-21 19:52:29,2.90
wph3jf7mvx,2023-09-21 21:52:06,2.90
de7gjocg9r,2023-09-21 22:40:25,2.90
i0ivudp7bf,2023-09-21 22:49:53,2.90
de7gjocg9r,2023-09-22 00:05:07,2.90
ip4h2hb9ko,2023-09-22 01:40:03,2.90
qsy7qe69yj,2023-09-22 02:49:53,0.00
de7gjocg9r,2023-09-22 03:22:08,2.90
de7gjocg9r,2023-09-22 05:19:41,0.00
i0ivudp7bf,2023-09-22 08:09:33,2.90
9w2vjl0jxm,2023-09-22 08:32:47,2.90
i0ivudp7bf,2023-09-22 09:53:52,2.90
bp9tdsusth,2023-09-22 10:08:19,2.90
2jzxoef5cw,2023-09-22 11:00:23,2.90
tth387umwk,2023-09-22 11:55:47,2.90
ip4h2hb9ko,2023-09-22 12:42:50,0.00
wph3jf7mvx,2023-09-22 12:49:26,2.90
ip4h2hb9ko,2023-09-22 14:06:54,0.00
flz8u6rlll,2023-09-22 15:03:33,2.90
g5h5jt10fw,2023-09-22 15:10:29,2.90
bou5vkcf3l,2023-09-22 15:24:06,2.90
wph3jf7mvx,2023-09-22 15:47:24,2.90
ip4h2hb9ko,2023-09-22 16:19:45,0.00
de7gjocg9r,2023-09-22 18:55:29,2.90
de7gjocg9r,2023-09-22 23:08:23,0.00
de7gjocg9r,2023-09-23 00:41:57,0.00
i0ivudp7bf,2023-09-23 05:11:12,2.90
hgnq18rb9y,2023-09-23 07:32:09,2.90
hgnq18rb9y,2023-09-23 08:05:08,2.90
de7gjocg9r,2023-09-23 08:21:34,0.00
hgnq18rb9y,2023-09-23 08:42:42,2.90
qsy7qe69yj,2023-09-23 09:01:35,2.90
wph3jf7mvx,2023-09-23 10:42:38,2.90
9w2vjl0jxm,2023-09-23 12:33:06,2.90
bou5vkcf3l,2023-09-23 12:41:28,2.90
bou5vkcf3l,2023-09-23 13:20:05,2.90
flz8u6rlll,2023-09-23 14:26:13,2.90
de7gjocg9r,2023-09-23 17:21:35,2.90
hgnq18rb9y,2023-09-23 18:36:39,2.90
9w2vjl0jxm,2023-09-23 18:59:11,0.00
2jzxoef5cw,2023-09-23 23:09:56,2.90
flz8u6rlll,2023-09-24 01:41:13,2.90
bou5vkcf3l,2023-09-24 01:41:31,2.90
4v15qex2ub,2023-09-24 02:11:46,2.90
ix5q58h9v4,2023-09-24 03:18:28,2.90
wph3jf7mvx,2023-09-24 03:21:27,2.90
9w2vjl0jxm,2023-09-24 04:39:00,2.90
de7gjocg9r,2023-09-24 05:09:12,2.90
hgnq18rb9y,2023-09-24 05:57:48,2.90
tth387umwk,2023-09-24 07:21:01,2.90
de7gjocg9r,2023-09-24 08:28:18,0.00
hgnq18rb9y,2023-09-24 10:17:18,2.90
j3s940pz6k,2023-09-24 10:18:50,2.90
i0ivudp7bf,2023-09-24 10:24:31,2.90
2jzxoef5cw,2023-09-24 12:36:43,2.90
bou5vkcf3l,2023-09-24 13:50:28,2.90
bp9tdsusth,2023-09-24 14:54:47,2.90
m1392o51u8,2023-09-24 15:56:33,2.90
4v15qex2ub,2023-09-24 17:05:41,2.90
g5h5jt10fw,2023-09-24 20:59:12,2.90
bou5vkcf3l,2023-09-24 21:19:17,2.90
hgnq18rb9y,2023-09-24 21:26:34,0.00
pd8ee634ie,2023-09-24 22:45:35,2.90
bou5vkcf3l,2023-09-24 23:25:36,2.90
2jzxoef5cw,2023-09-24 23:46:49,2.90
qsy7qe69yj,2023-09-25 04:55:37,2.90
wph3jf7mvx,2023-09-25 05:58:13,2.90
i0ivudp7bf,2023-09-25 07:36:14,2.90
ip4h2hb9ko,2023-09-25 08:30:14,2.90
qsy7qe69yj,2023-09-25 11:20:34,2.90
qsy7qe69yj,2023-09-25 11:47:39,2.90
xbumnjyvmc,2023-09-25 12:49:09,2.90
pd8ee634ie,2023-09-25 14:01:42,2.90
i0ivudp7bf,2023-09-25 15:12:19,2.90
j3s940pz6k,2023-09-25 17:45:24,2.90
de7gjocg9r,2023-09-25 20:19:37,2.90
pd8ee634ie,2023-09-25 20:26:48,2.90
qsy7qe69yj,2023-09-25 20:50:30,2.90
2jzxoef5cw,2023-09-25 21:45:42,2.90
qsy7qe69yj,2023-09-25 22:19:37,2.90
qsy7qe69yj,2023-09-25 22:58:39,2.90
4v15qex2ub,2023-09-26 01:03:10,2.90
de7gjocg9r,2023-09-26 05:07:57,2.90
hgnq18rb9y,2023-09-26 06:00:29,2.90
g5h5jt10fw,2023-09-26 07:54:14,2.90
flz8u6rlll,2023-09-26 09:19:40,2.90
hgnq18rb9y,2023-09-26 09:34:28,0.00
hgnq18rb9y,2023-09-26 11:40:10,0.00
g5h5jt10fw,2023-09-26 12:05:48,2.90
j3s940pz6k,2023-09-26 12:47:25,2.90
wph3jf7mvx,2023-09-26 12:55:19,2.90
qsy7qe69yj,2023-09-26 13:57:43,2.90
wph3jf7mvx,2023-09-26 19:43:49,2.90
qsy7qe69yj,2023-09-26 21:04:15,2.90
bou5vkcf3l,2023-09-26 21:09:39,2.90
g5h5jt10fw,2023-09-26 22:22:25,2.90
bou5vkcf3l,2023-09-26 23:10:03,2.90
g5h5jt10fw,2023-09-26 23:42:18,2.90
hgnq18rb9y,2023-09-27 01:34:44,2.90
9w2vjl0jxm,2023-09-27 03:11:57,2.90
ew9451z6s2,2023-09-27 05:41:55,2.90
9w2vjl0jxm,2023-09-27 05:54:37,2.90
g5h5jt10fw,2023-09-27 07:23:53,2.90
hgnq18rb9y,2023-09-27 08:55:47,2.90
2jzxoef5cw,2023-09-27 10:23:19,2.90
9w2vjl0jxm,2023-09-27 11:53:19,2.90
4v15qex2ub,2023-09-27 12:28:26,2.90
4v15qex2ub,2023-09-27 13:55:12,2.90
qsy7qe69yj,2023-09-27 14:43:31,0.00
hgnq18rb9y,2023-09-27 15:03:57,2.90
9w2vjl0jxm,2023-09-27 15:10:21,2.90
j3s940pz6k,2023-09-27 15:17:20,2.90
4v15qex2ub,2023-09-27 15:18:19,2.90
ip4h2hb9ko,2023-09-27 15:58:23,2.90
2jzxoef5cw,2023-09-27 16:07:46,2.90
4v15qex2ub,2023-09-27 17:55:05,2.90
9w2vjl0jxm,2023-09-27 18:18:07,2.90
9w2vjl0jxm,2023-09-28 02:38:27,2.90
g5h5jt10fw,2023-09-28 06:49:54,2.90
i0ivudp7bf,2023-09-28 06:53:57,2.90
flz8u6rlll,2023-09-28 07:13:16,2.90
4v15qex2ub,2023-09-28 08:24:15,2.90
hgnq18rb9y,2023-09-28 10:26:28,2.90
bou5vkcf3l,2023-09-28 11:47:01,2.90
j3s940pz6k,2023-09-28 12:11:14,2.90
de7gjocg9r,2023-09-28 12:11:50,2.90
i0ivudp7bf,2023-09-28 14:11:01,2.90
4v15qex2ub,2023-09-28 15:19:35,2.90
9w2vjl0jxm,2023-09-28 16:38:58,2.90
4v15qex2ub,2023-09-28 18:26:00,2.90
i0ivudp7bf,2023-09-28 18:54:32,2.90
g5h5jt10fw,2023-09-28 19:40:15,2.90
de7gjocg9r,2023-09-28 19:41:53,2.90
i0ivudp7bf,2023-09-28 19:42:23,2.90
ix5q58h9v4,2023-09-28 20:36:24,2.90
4v15qex2ub,2023-09-28 20:43:21,2.90
tth387umwk,2023-09-28 21:55:54,2.90
ew9451z6s2,2023-09-28 22:58:17,2.90
j3s940pz6k,2023-09-28 23:43:38,2.90
bou5vkcf3l,2023-09-29 00:09:03,2.90
j3s940pz6k,2023-09-29 00:25:09,2.90
i0ivudp7bf,2023-09-29 02:04:36,2.90
ip4h2hb9ko,2023-09-29 03:22:48,2.90
g5h5jt10fw,2023-09-29 03:46:20,2.90
i0ivudp7bf,2023-09-29 05:47:59,2.90
de7gjocg9r,2023-09-29 05:59:57,2.90
j3s940pz6k,2023-09-29 06:19:04,2.90
g5h5jt10fw,2023-09-29 07:00:27,2.90
qsy7qe69yj,2023-09-29 08:16:34,2.90
hgnq18rb9y,2023-09-29 08:23:06,2.90
j3s940pz6k,2023-09-29 08:54:21,2.90
qsy7qe69yj,2023-09-29 08:55:36,2.90
9w2vjl0jxm,2023-09-29 10:57:43,2.90
ix5q58h9v4,2023-09-29 11:35:24,2.90
4v15qex2ub,2023-09-29 11:52:15,2.90
bou5vkcf3l,2023-09-29 12:52:11,2.90
ip4h2hb9ko,2023-09-29 14:10:00,2.90
2jzxoef5cw,2023-09-29 14:27:07,2.90
wph3jf7mvx,2023-09-29 14:34:00,2.90
flz8u6rlll,2023-09-29 16:29:17,2.90
ew9451z6s2,2023-09-29 16:39:12,2.90
bou5vkcf3l,2023-09-29 16:58:59,2.90
pd8ee634ie,2023-09-29 17:48:30,2.90
2jzxoef5cw,2023-09-29 20:16:41,2.90
de7gjocg9r,2023-09-29 21:08:25,2.90
wph3jf7mvx,2023-09-29 21:23:17,2.90
2jzxoef5cw,2023-09-29 23:18:04,2.90
pd8ee634ie,2023-09-30 00:27:50,2.90
ip4h2hb9ko,2023-09-30 02:40:14,2.90
de7gjocg9r,2023-09-30 04:15:04,2.90
wph3jf7mvx,2023-09-30 04:51:09,2.90
i0ivudp7bf,2023-09-30 06:39:49,2.90
wph3jf7mvx,2023-09-30 06:40:27,2.90
de7gjocg9r,2023-09-30 07:08:34,2.90
de7gjocg9r,2023-09-30 07:52:38,2.90
de7gjocg9r,2023-09-30 09:20:52,2.90
qsy7qe69yj,2023-09-30 10:20:56,2.90
de7gjocg9r,2023-09-30 11:11:43,0.00
g5h5jt10fw,2023-09-30 11:14:43,2.90
j3s940pz6k,2023-09-30 14:46:30,2.90
i0ivudp7bf,2023-09-30 17:10:41,2.90
j3s940pz6k,2023-09-30 20:26:44,2.90
9w2vjl0jxm,2023-09-30 21:07:00,2.90
g5h5jt10fw,2023-09-30 21:21:46,2.90
pd8ee634ie,2023-09-30 21:58:58,2.90
qsy7qe69yj,2023-10-01 01:25:35,2.90
ip4h2hb9ko,2023-10-01 02:06:04,2.90
de7gjocg9r,2023-10-01 02:21:48,2.90
ip4h2hb9ko,2023-10-01 03:23:48,2.90
pd8ee634ie,2023-10-01 03:47:13,2.90
xbumnjyvmc,2023-10-01 04:32:44,2.90
flz8u6rlll,2023-10-01 04:51:07,2.90
bou5vkcf3l,2023-10-01 05:54:19,2.90
bp9tdsusth,2023-10-01 09:14:39,2.90
qsy7qe69yj,2023-10-01 09:35:56,0.00
4v15qex2ub,2023-10-01 10:47:12,2.90
j3s940pz6k,2023-10-01 12:54:38,2.90
de7gjocg9r,2023-10-01 13:22:16,2.90
g5h5jt10fw,2023-10-01 13:43:24,0.00
j3s940pz6k,2023-10-01 15:39:37,2.90
9w2vjl0jxm,2023-10-01 17:24:50,2.90
hgnq18rb9y,2023-10-01 17:35:11,2.90
9w2vjl0jxm,2023-10-01 21:26:41,2.90
4v15qex2ub,2023-10-01 22:55:18,2.90
4v15qex2ub,2023-10-01 23:28:06,0.00
g5h5jt10fw,2023-10-02 00:26:28,2.90
tth387umwk,2023-10-02 01:19:19,2.90
flz8u6rlll,2023-10-02 08:31:52,2.90
9w2vjl0jxm,2023-10-02 08:50:20,2.90
hgnq18rb9y,2023-10-02 09:45:14,2.90
i0ivudp7bf,2023-10-02 10:51:09,2.90
wph3jf7mvx,2023-10-02 12:08:44,2.90
de7gjocg9r,2023-10-02 12:36:37,0.00
flz8u6rlll,2023-10-02 12:59:54,2.90
bou5vkcf3l,2023-10-02 13:17:50,2.90
qsy7qe69yj,2023-10-02 14:38:12,2.90
ix5q58h9v4,2023-10-02 16:28:01,2.90
ew9451z6s2,2023-10-02 17:06:29,2.90
tth387umwk,2023-10-02 17:53:46,2.90
de7gjocg9r,2023-10-02 17:56:40,0.00
wph3jf7mvx,2023-10-02 19:55:18,2.90
de7gjocg9r,2023-10-02 23:10:33,2.90
bou5vkcf3l,2023-10-02 23:45:53,2.90
flz8u6rlll,2023-10-03 00:25:53,2.90
4v15qex2ub,2023-10-03 01:32:13,2.90
g5h5jt10fw,2023-10-03 01:42:41,0.00
hgnq18rb9y,2023-10-03 02:13:15,2.90
pd8ee634ie,2023-10-03 02:36:20,2.90
de7gjocg9r,2023-10-03 03:40:15,0.00
4v15qex2ub,2023-10-03 04:12:04,0.00
wph3jf7mvx,2023-10-03 04:46:39,2.90
tth387umwk,2023-10-03 05:29:02,2.90
4v15qex2ub,2023-10-03 06:57:35,0.00
ip4h2hb9ko,2023-10-03 07:48:11,2.90
tth387umwk,2023-10-03 10:21:05,2.90
qsy7qe69yj,2023-10-03 10:49:41,2.90
i0ivudp7bf,2023-10-03 11:09:39,2.90
hgnq18rb9y,2023-10-03 12:26:30,2.90
bp9tdsusth,2023-10-03 12:37:25,2.90
qsy7qe69yj,2023-10-03 12:48:39,2.90
ix5q58h9v4,2023-10-03 13:48:02,2.90
i0ivudp7bf,2023-10-03 19:12:01,2.90
de7gjocg9r,2023-10-03 19:48:39,2.90
bou5vkcf3l,2023-10-03 23:52:57,2.90
j3s940pz6k,2023-10-04 00:00:20,2.90
qsy7qe69yj,2023-10-04 00:10:07,2.90
g5h5jt10fw,2023-10-04 00:17:04,2.90
ip4h2hb9ko,2023-10-04 00:29:13,2.90
9w2vjl0jxm,2023-10-04 02:10:57,0.00
de7gjocg9r,2023-10-04 04:00:23,0.00
de7gjocg9r,2023-10-04 05:34:27,0.00
qsy7qe69yj,2023-10-04 06:30:55,2.90
ix5q58h9v4,2023-10-04 08:08:00,2.90
wph3jf7mvx,2023-10-04 11:06:15,2.90
hgnq18rb9y,2023-10-04 16:04:25,2.90
g5h5jt10fw,2023-10-04 16:33:00,2.90
wph3jf7mvx,2023-10-04 17:09:00,2.90
9w2vjl0jxm,2023-10-04 17:55:05,2.90
ix5q58h9v4,2023-10-04 21:11:37,2.90
g5h5jt10fw,2023-10-04 21:47:46,2.90
xbumnjyvmc,2023-10-04 22:17:15,2.90
ew9451z6s2,2023-10-04 22:50:34,2.90
bou5vkcf3l,2023-10-04 23:07:43,2.90
j3s940pz6k,2023-10-05 02:09:40,2.90
flz8u6rlll,2023-10-05 04:14:05,2.90
hgnq18rb9y,2023-10-05 05:39:48,2.90
9w2vjl0jxm,2023-10-05 05:44:58,2.90
ew9451z6s2,2023-10-05 05:58:12,2.90
qsy7qe69yj,2023-10-05 07:39:26,2.90
wph3jf7mvx,2023-10-05 08:29:29,2.90
ix5q58h9v4,2023-10-05 09:47:38,2.90
j3s940pz6k,2023-10-05 11:22:01,2.90
j3s940pz6k,2023-10-05 12:26:05,2.90
9w2vjl0jxm,2023-10-05 14:47:14,2.90
4v15qex2ub,2023-10-05 15:26:58,2.90
qsy7qe69yj,2023-10-05 18:03:44,2.90
bp9tdsusth,2023-10-05 18:58:38,2.90
2jzxoef5cw,2023-10-06 00:24:24,2.90
flz8u6rlll,2023-10-06 01:34:00,2.90
wph3jf7mvx,2023-10-06 01:49:46,2.90
j3s940pz6k,2023-10-06 04:06:31,2.90
4v15qex2ub,2023-10-06 05:11:10,2.90
qsy7qe69yj,2023-10-06 06:11:00,2.90
de7gjocg9r,2023-10-06 06:20:22,2.90
g5h5jt10fw,2023-10-06 06:31:47,2.90
flz8u6rlll,2023-10-06 06:51:48,2.90
g5h5jt10fw,2023-10-06 08:23:31,2.90
de7gjocg9r,2023-10-06 08:54:29,2.90
bp9tdsusth,2023-10-06 11:52:05,2.90
9w2vjl0jxm,2023-10-06 12:37:16,2.90
hgnq18rb9y,2023-10-06 13:46:15,2.90
qsy7qe69yj,2023-10-06 16:07:09,2.90
j3s940pz6k,2023-10-06 17:49:49,2.90
j3s940pz6k,2023-10-06 17:51:04,2.90
qsy7qe69yj,2023-10-06 18:31:17,2.90
de7gjocg9r,2023-10-06 19:01:34,2.90
j3s940pz6k,2023-10-06 19:13:42,2.90
9w2vjl0jxm,2023-10-06 19:17:54,2.90
9w2vjl0jxm,2023-10-06 19:25:35,2.90
pd8ee634ie,2023-10-06 20:00:12,2.90
ip4h2hb9ko,2023-10-06 21:23:17,2.90
hgnq18rb9y,2023-10-06 21:53:12,2.90
de7gjocg9r,2023-10-06 23:29:25,2.90
de7gjocg9r,2023-10-06 23:33:09,0.00
wph3jf7mvx,2023-10-07 02:00:05,2.90
i0ivudp7bf,2023-10-07 04:14:42,2.90
qsy7qe69yj,2023-10-07 04:40:04,0.00
de7gjocg9r,2023-10-07 05:47:51,2.90
hgnq18rb9y,2023-10-07 05:53:06,2.90
flz8u6rlll,2023-10-07 08:53:24,2.90
i0ivudp7bf,2023-10-07 10:56:06,2.90
4v15qex2ub,2023-10-07 12:31:46,2.90
wph3jf7mvx,2023-10-07 12:43:09,2.90
hgnq18rb9y,2023-10-07 15:11:43,2.90
9w2vjl0jxm,2023-10-07 18:17:53,2.90
hgnq18rb9y,2023-10-07 19:51:11,2.90
hgnq18rb9y,2023-10-07 20:56:42,2.90
j3s940pz6k,2023-10-07 21:23:35,2.90
j3s940pz6k,2023-10-07 22:18:53,2.90
ew9451z6s2,2023-10-07 23:05:11,2.90
4v15qex2ub,2023-10-07 23:32:28,2.90
ip4h2hb9ko,2023-10-08 00:06:10,2.90
9w2vjl0jxm,2023-10-08 02:23:21,2.90
m1392o51u8,2023-10-08 04:11:00,2.90
de7gjocg9r,2023-10-08 04:53:12,2.90
flz8u6rlll,2023-10-08 05:00:36,2.90
4v15qex2ub,2023-10-08 05:30:56,2.90
bp9tdsusth,2023-10-08 07:31:28,2.90
flz8u6rlll,2023-10-08 11:01:12,2.90
j3s940pz6k,2023-10-08 12:17:17,0.00
qsy7qe69yj,2023-10-08 13:08:32,2.90
wph3jf7mvx,2023-10-08 14:39:54,2.90
de7gjocg9r,2023-10-08 15:43:34,2.90
hgnq18rb9y,2023-10-08 16:08:52,0.00
wph3jf7mvx,2023-10-08 16:21:52,2.90
pd8ee634ie,2023-10-08 16:59:40,2.90
hgnq18rb9y,2023-10-08 21:00:02,2.90
j3s940pz6k,2023-10-09 01:43:29,2.90
i0ivudp7bf,2023-10-09 03:37:58,2.90
de7gjocg9r,2023-10-09 06:30:11,2.90
9w2vjl0jxm,2023-10-09 10:00:12,2.90
9w2vjl0jxm,2023-10-09 10:53:19,2.90
wph3jf7mvx,2023-10-09 12:02:38,2.90
hgnq18rb9y,2023-10-09 13:12:23,2.90
4v15qex2ub,2023-10-09 13:58:27,2.90
tth387umwk,2023-10-09 14:43:03,2.90
de7gjocg9r,2023-10-09 16:19:56,2.90
bp9tdsusth,2023-10-09 16:44:14,2.90
g5h5jt10fw,2023-10-09 17:38:55,2.90
qsy7qe69yj,2023-10-09 18:33:57,2.90
4v15qex2ub,2023-10-09 21:14:13,2.90
flz8u6rlll,2023-10-09 22:12:41,2.90
i0ivudp7bf,2023-10-09 23:28:37,2.90
xbumnjyvmc,2023-10-09 23:41:15,2.90
j3s940pz6k,2023-10-10 00:43:34,2.90
9w2vjl0jxm,2023-10-10 02:16:21,2.90
de7gjocg9r,2023-10-10 02:37:36,2.90
2jzxoef5cw,2023-10-10 03:28:10,2.90
bou5vkcf3l,2023-10-10 03:46:41,2.90
9w2vjl0jxm,2023-10-10 05:17:23,2.90
wph3jf7mvx,2023-10-10 08:13:44,2.90
ix5q58h9v4,2023-10-10 08:31:48,2.90
4v15qex2ub,2023-10-10 09:01:00,2.90
4v15qex2ub,2023-10-10 09:02:10,2.90
ew9451z6s2,2023-10-10 10:24:09,2.90
9w2vjl0jxm,2023-10-10 11:25:57,0.00
j3s940pz6k,2023-10-10 12:00:35,0.00
qsy7qe69yj,2023-10-10 14:14:28,2.90
hgnq18rb9y,2023-10-10 14:30:20,2.90
hgnq18rb9y,2023-10-10 16:55:59,2.90
de7gjocg9r,2023-10-10 18:03:53,2.90
xbumnjyvmc,2023-10-10 18:50:34,2.90
hgnq18rb9y,2023-10-10 19:20:39,0.00
9w2vjl0jxm,2023-10-10 19:43:23,0.00
ix5q58h9v4,2023-10-10 21:14:25,2.90
wph3jf7mvx,2023-10-10 22:04:20,2.90
2jzxoef5cw,2023-10-10 22:41:45,2.90
de7gjocg9r,2023-10-11 01:03:06,2.90
de7gjocg9r,2023-10-11 03:08:51,0.00
ip4h2hb9ko,2023-10-11 05:44:17,2.90
j3s940pz6k,2023-10-11 11:06:08,2.90
wph3jf7mvx,2023-10-11 13:06:59,2.90
wph3jf7mvx,2023-10-11 14:01:17,2.90
flz8u6rlll,2023-10-11 15:07:52,2.90
de7gjocg9r,2023-10-11 16:53:05,0.00
4v15qex2ub,2023-10-11 17:16:51,2.90
wph3jf7mvx,2023-10-11 19:06:02,2.90
bou5vkcf3l,2023-10-12 00:24:06,2.90
j3s940pz6k,2023-10-12 00:30:38,0.00
de7gjocg9r,2023-10-12 02:49:08,0.00
xbumnjyvmc,2023-10-12 03:17:40,2.90
i0ivudp7bf,2023-10-12 03:18:42,2.90
wph3jf7mvx,2023-10-12 03:23:07,0.00
m1392o51u8,2023-10-12 03:41:21,2.90
ix5q58h9v4,2023-10-12 04:00:31,2.90
i0ivudp7bf,2023-10-12 04:14:31,2.90
g5h5jt10fw,2023-10-12 04:54:57,2.90
tth387umwk,2023-10-12 05:33:34,2.90
de7gjocg9r,2023-10-12 10:02:46,0.00
wph3jf7mvx,2023-10-12 10:18:05,2.90
de7gjocg9r,2023-10-12 11:14:04,0.00
tth387umwk,2023-10-12 11:31:56,2.90
wph3jf7mvx,2023-10-12 13:28:21,0.00
ew9451z6s2,2023-10-12 14:01:54,2.90
m1392o51u8,2023-10-12 14:37:39,2.90
wph3jf7mvx,2023-10-12 14:51:18,0.00
qsy7qe69yj,2023-10-12 18:38:31,2.90
i0ivudp7bf,2023-10-12 19:35:43,2.90
j3s940pz6k,2023-10-12 20:49:57,2.90
tth387umwk,2023-10-12 23:51:09,2.90
flz8u6rlll,2023-10-13 00:35:17,2.90
hgnq18rb9y,2023-10-13 08:38:16,2.90
wph3jf7mvx,2023-10-13 09:09:24,2.90
2jzxoef5cw,2023-10-13 09:09:52,2.90
qsy7qe69yj,2023-10-13 09:12:45,2.90
bp9tdsusth,2023-10-13 09:27:16,2.90
ip4h2hb9ko,2023-10-13 12:23:30,2.90
ix5q58h9v4,2023-10-13 14:44:30,2.90
9w2vjl0jxm,2023-10-13 14:45:48,2.90
hgnq18rb9y,2023-10-13 15:05:14,2.90
pd8ee634ie,2023-10-13 19:46:12,2.90
de7gjocg9r,2023-10-13 21:12:05,2.90
de7gjocg9r,2023-10-13 23:04:47,2.90
tth387umwk,2023-10-13 23:15:11,2.90
flz8u6rlll,2023-10-13 23:26:11,2.90
qsy7qe69yj,2023-10-14 00:15:11,2.90
i0ivudp7bf,2023-10-14 00:35:49,2.90
de7gjocg9r,2023-10-14 02:29:00,2.90
ew9451z6s2,2023-10-14 02:37:52,2.90
i0ivudp7bf,2023-10-14 03:49:08,2.90
qsy7qe69yj,2023-10-14 04:31:12,2.90
g5h5jt10fw,2023-10-14 04:56:28,2.90
qsy7qe69yj,2023-10-14 06:12:49,2.90
j3s940pz6k,2023-10-14 06:22:45,2.90
flz8u6rlll,2023-10-14 07:02:39,2.90
4v15qex2ub,2023-10-14 08:42:48,2.90
hgnq18rb9y,2023-10-14 10:39:45,2.90
flz8u6rlll,2023-10-14 11:01:02,2.90
g5h5jt10fw,2023-10-14 13:02:19,2.90
pd8ee634ie,2023-10-14 15:06:05,2.90
ip4h2hb9ko,2023-10-14 16:39:40,2.90
tth387umwk,2023-10-14 18:19:38,2.90
ip4h2hb9ko,2023-10-14 18:21:56,2.90
qsy7qe69yj,2023-10-14 18:25:23,2.90
tth387umwk,2023-10-14 18:43:52,2.90
9w2vjl0jxm,2023-10-14 18:58:04,2.90
i0ivudp7bf,2023-10-14 19:17:46,2.90
tth387umwk,2023-10-14 19:38:56,2.90
bou5vkcf3l,2023-10-14 22:04:09,2.90
i0ivudp7bf,2023-10-15 02:37:20,2.90
hgnq18rb9y,2023-10-15 02:51:48,2.90
g5h5jt10fw,2023-10-15 02:56:13,2.90
wph3jf7mvx,2023-10-15 03:52:04,2.90
qsy7qe69yj,2023-10-15 03:58:36,2.90
flz8u6rlll,2023-10-15 06:08:26,2.90
de7gjocg9r,2023-10-15 07:55:56,2.90
9w2vjl0jxm,2023-10-15 08:00:10,2.90
wph3jf7mvx,2023-10-15 11:31:04,2.90
de7gjocg9r,2023-10-15 17:28:19,2.90
hgnq18rb9y,2023-10-15 20:03:54,2.90
ew9451z6s2,2023-10-15 21:43:59,2.90
de7gjocg9r,2023-10-15 22:37:04,2.90
ip4h2hb9ko,2023-10-15 23:32:11,2.90
de7gjocg9r,2023-10-16 00:14:25,2.90
de7gjocg9r,2023-10-16 01:10:24,0.00
ip4h2hb9ko,2023-10-16 01:17:19,2.90
bou5vkcf3l,2023-10-16 05:34:06,2.90
qsy7qe69yj,2023-10-16 07:31:05,2.90
de7gjocg9r,2023-10-16 07:50:57,2.90
flz8u6rlll,2023-10-16 10:51:37,2.90
flz8u6rlll,2023-10-16 13:34:32,2.90
flz8u6rlll,2023-10-16 14:27:42,2.90
4v15qex2ub,2023-10-16 15:02:07,2.90
i0ivudp7bf,2023-10-16 15:17:11,2.90
ew9451z6s2,2023-10-16 21:40:00,2.90
qsy7qe69yj,2023-10-16 23:17:46,2.90
9w2vjl0jxm,2023-10-17 00:11:08,2.90
j3s940pz6k,2023-10-17 01:58:23,2.90
i0ivudp7bf,2023-10-17 02:22:32,2.90
4v15qex2ub,2023-10-17 02:47:50,2.90
flz8u6rlll,2023-10-17 04:05:11,2.90
i0ivudp7bf,2023-10-17 04:17:12,2.90
qsy7qe69yj,2023-10-17 08:09:59,2.90
wph3jf7mvx,2023-10-17 13:07:16,2.90
flz8u6rlll,2023-10-17 13:59:49,2.90
4v15qex2ub,2023-10-17 16:05:45,2.90
qsy7qe69yj,2023-10-17 19:29:12,2.90
wph3jf7mvx,2023-10-17 21:03:46,2.90
9w2vjl0jxm,2023-10-17 21:18:53,2.90
g5h5jt10fw,2023-10-17 22:16:32,2.90
ix5q58h9v4,2023-10-17 23:56:11,2.90
wph3jf7mvx,2023-10-18 00:09:25,2.90
i0ivudp7bf,2023-10-18 01:00:20,2.90
9w2vjl0jxm,2023-10-18 01:51:21,2.90
j3s940pz6k,2023-10-18 03:41:49,2.90
j3s940pz6k,2023-10-18 05:56:25,2.90
xbumnjyvmc,2023-10-18 06:48:03,2.90
g5h5jt10fw,2023-10-18 07:29:45,2.90
qsy7qe69yj,2023-10-18 08:07:01,2.90
4v15qex2ub,2023-10-18 08:43:36,2.90
4v15qex2ub,2023-10-18 08:52:53,2.90
pd8ee634ie,2023-10-18 09:10:03,2.90
wph3jf7mvx,2023-10-18 10:06:38,2.90
j3s940pz6k,2023-10-18 10:40:08,2.90
wph3jf7mvx,2023-10-18 11:38:28,2.90
2jzxoef5cw,2023-10-18 12:39:51,2.90
j3s940pz6k,2023-10-18 14:44:32,2.90
j3s940pz6k,2023-10-18 14:47:39,2.90
wph3jf7mvx,2023-10-18 14:54:08,2.90
tth387umwk,2023-10-18 15:26:23,2.90
4v15qex2ub,2023-10-18 18:14:24,2.90
4v15qex2ub,2023-10-18 18:38:18,2.90
bou5vkcf3l,2023-10-18 18:47:20,2.90
de7gjocg9r,2023-10-18 19:26:15,2.90
4v15qex2ub,2023-10-18 19:39:56,2.90
wph3jf7mvx,2023-10-18 21:38:48,2.90
i0ivudp7bf,2023-10-18 21:48:29,2.90
pd8ee634ie,2023-10-18 21:52:29,2.90
4v15qex2ub,2023-10-18 22:01:20,2.90
ip4h2hb9ko,2023-10-19 00:05:10,2.90
flz8u6rlll,2023-10-19 00:47:35,2.90
g5h5jt10fw,2023-10-19 01:13:40,2.90
j3s940pz6k,2023-10-19 04:38:44,2.90
de7gjocg9r,2023-10-19 07:16:09,2.90
ip4h2hb9ko,2023-10-19 07:33:19,2.90
pd8ee634ie,2023-10-19 07:50:48,2.90
flz8u6rlll,2023-10-19 08:28:10,2.90
qsy7qe69yj,2023-10-19 09:43:24,0.00
wph3jf7mvx,2023-10-19 11:58:33,2.90
de7gjocg9r,2023-10-19 12:08:39,2.90
hgnq18rb9y,2023-10-19 12:14:24,2.90
9w2vjl0jxm,2023-10-19 13:30:38,2.90
flz8u6rlll,2023-10-19 13:46:09,0.00
xbumnjyvmc,2023-10-19 13:51:24,2.90
flz8u6rlll,2023-10-19 14:24:31,0.00
i0ivudp7bf,2023-10-19 14:54:50,2.90
i0ivudp7bf,2023-10-19 15:29:09,2.90
j3s940pz6k,2023-10-19 15:51:43,2.90
flz8u6rlll,2023-10-19 16:22:14,0.00
g5h5jt10fw,2023-10-19 16:26:16,2.90
wph3jf7mvx,2023-10-19 17:22:50,2.90
qsy7qe69yj,2023-10-19 18:20:47,0.00
4v15qex2ub,2023-10-19 18:44:50,2.90
de7gjocg9r,2023-10-19 19:50:17,2.90
ip4h2hb9ko,2023-10-19 21:25:56,2.90
de7gjocg9r,2023-10-19 23:23:03,0.00
9w2vjl0jxm,2023-10-20 01:39:54,2.90
ip4h2hb9ko,2023-10-20 02:11:48,2.90
9w2vjl0jxm,2023-10-20 02:30:35,2.90
tth387umwk,2023-10-20 02:58:47,2.90
j3s940pz6k,2023-10-20 05:28:34,2.90
j3s940pz6k,2023-10-20 05:50:33,2.90
bou5vkcf3l,2023-10-20 06:05:30,2.90
wph3jf7mvx,2023-10-20 06:40:30,0.00
ip4h2hb9ko,2023-10-20 07:20:59,2.90
9w2vjl0jxm,2023-10-20 07:44:29,2.90
qsy7qe69yj,2023-10-20 09:18:40,2.90
wph3jf7mvx,2023-10-20 09:39:15,2.90
flz8u6rlll,2023-10-20 10:50:43,2.90
flz8u6rlll,2023-10-20 12:01:55,0.00
2jzxoef5cw,2023-10-20 13:33:22,2.90
g5h5jt10fw,2023-10-20 14:20:57,2.90
4v15qex2ub,2023-10-20 16:32:28,2.90
i0ivudp7bf,2023-10-20 17:06:17,2.90
tth387umwk,2023-10-20 18:30:32,2.90
j3s940pz6k,2023-10-20 19:13:02,2.90
ip4h2hb9ko,2023-10-20 20:19:43,2.90
g5h5jt10fw,2023-10-21 02:29:26,2.90
wph3jf7mvx,2023-10-21 04:09:34,0.00
i0ivudp7bf,2023-10-21 04:32:51,2.90
ip4h2hb9ko,2023-10-21 06:19:59,2.90
wph3jf7mvx,2023-10-21 09:12:32,0.00
2jzxoef5cw,2023-10-21 09:35:38,2.90
2jzxoef5cw,2023-10-21 10:44:11,2.90
ix5q58h9v4,2023-10-21 10:51:09,2.90
hgnq18rb9y,2023-10-21 11:58:14,2.90
g5h5jt10fw,2023-10-21 14:05:32,2.90
bou5vkcf3l,2023-10-21 15:31:55,2.90
2jzxoef5cw,2023-10-21 16:06:48,2.90
tth387umwk,2023-10-21 16:33:25,2.90
qsy7qe69yj,2023-10-21 17:52:07,2.90
4v15qex2ub,2023-10-21 19:13:19,2.90
wph3jf7mvx,2023-10-21 19:27:43,0.00
pd8ee634ie,2023-10-21 20:05:50,2.90
9w2vjl0jxm,2023-10-21 20:27:22,2.90
qsy7qe69yj,2023-10-21 23:36:48,2.90
bou5vkcf3l,2023-10-21 23:54:58,2.90
g5h5jt10fw,2023-10-22 00:39:27,2.90
qsy7qe69yj,2023-10-22 01:18:47,2.90
tth387umwk,2023-10-22 01:30:00,2.90
wph3jf7mvx,2023-10-22 02:00:56,0.00
tth387umwk,2023-10-22 02:45:34,2.90
flz8u6rlll,2023-10-22 03:21:52,2.90
ip4h2hb9ko,2023-10-22 04:07:34,2.90
j3s940pz6k,2023-10-22 05:54:41,2.90
bou5vkcf3l,2023-10-22 06:55:28,2.90
i0ivudp7bf,2023-10-22 09:15:02,2.90
qsy7qe69yj,2023-10-22 09:18:56,2.90
m1392o51u8,2023-10-22 10:43:07,2.90
xbumnjyvmc,2023-10-22 12:07:27,2.90
flz8u6rlll,2023-10-22 12:33:34,2.90
de7gjocg9r,2023-10-22 12:38:08,2.90
wph3jf7mvx,2023-10-22 13:54:57,2.90
9w2vjl0jxm,2023-10-22 15:37:50,2.90
j3s940pz6k,2023-10-22 15:43:53,0.00
qsy7qe69yj,2023-10-22 16:41:45,2.90
2jzxoef5cw,2023-10-22 16:52:49,2.90
de7gjocg9r,2023-10-22 17:24:57,2.90
2jzxoef5cw,2023-10-22 17:49:24,2.90
j3s940pz6k,2023-10-22 20:22:16,0.00
i0ivudp7bf,2023-10-22 21:15:31,2.90
ip4h2hb9ko,2023-10-22 23:02:00,2.90
ip4h2hb9ko,2023-10-23 00:07:08,2.90
pd8ee634ie,2023-10-23 00:46:54,2.90
ip4h2hb9ko,2023-10-23 04:02:49,2.90
qsy7qe69yj,2023-10-23 04:22:37,2.90
wph3jf7mvx,2023-10-23 04:37:32,2.90
xbumnjyvmc,2023-10-23 05:50:17,2.90
2jzxoef5cw,2023-10-23 07:21:16,2.90
de7gjocg9r,2023-10-23 07:26:32,2.90
wph3jf7mvx,2023-10-23 07:43:13,0.00
qsy7qe69yj,2023-10-23 08:55:11,2.90
de7gjocg9r,2023-10-23 09:20:06,2.90
bou5vkcf3l,2023-10-23 10:30:37,2.90
wph3jf7mvx,2023-10-23 10:49:47,0.00
2jzxoef5cw,2023-10-23 12:34:17,2.90
wph3jf7mvx,2023-10-23 16:50:27,0.00
wph3jf7mvx,2023-10-23 17:33:31,0.00
de7gjocg9r,2023-10-23 17:40:22,2.90
de7gjocg9r,2023-10-23 17:47:54,2.90
pd8ee634ie,2023-10-23 19:43:43,2.90
j3s940pz6k,2023-10-23 20:37:25,0.00
g5h5jt10fw,2023-10-23 20:50:33,2.90
flz8u6rlll,2023-10-23 22:00:00,2.90
qsy7qe69yj,2023-10-23 22:24:20,0.00
pd8ee634ie,2023-10-24 00:03:27,2.90
qsy7qe69yj,2023-10-24 00:18:12,2.90
j3s940pz6k,2023-10-24 00:38:02,0.00
de7gjocg9r,2023-10-24 01:38:10,2.90
de7gjocg9r,2023-10-24 03:43:58,2.90
hgnq18rb9y,2023-10-24 05:35:11,2.90
ew9451z6s2,2023-10-24 07:13:34,2.90
qsy7qe69yj,2023-10-24 08:20:31,2.90
i0ivudp7bf,2023-10-24 13:28:34,2.90
j3s940pz6k,2023-10-24 13:44:22,2.90
g5h5jt10fw,2023-10-24 15:07:49,2.90
ew9451z6s2,2023-10-24 15:25:40,2.90
qsy7qe69yj,2023-10-24 16:48:06,0.00
g5h5jt10fw,2023-10-24 18:23:19,2.90
flz8u6rlll,2023-10-24 18:34:43,2.90
ip4h2hb9ko,2023-10-24 21:03:56,2.90
2jzxoef5cw,2023-10-24 22:59:41,2.90
de7gjocg9r,2023-10-24 23:05:08,0.00
g5h5jt10fw,2023-10-24 23:28:59,2.90
4v15qex2ub,2023-10-25 01:22:49,2.90
2jzxoef5cw,2023-10-25 02:05:53,2.90
hgnq18rb9y,2023-10-25 04:45:45,2.90
2jzxoef5cw,2023-10-25 05:11:55,2.90
i0ivudp7bf,2023-10-25 09:38:07,2.90
wph3jf7mvx,2023-10-25 11:00:13,2.90
g5h5jt10fw,2023-10-25 11:12:38,2.90
de7gjocg9r,2023-10-25 12:27:10,0.00
i0ivudp7bf,2023-10-25 15:11:38,2.90
ip4h2hb9ko,2023-10-25 16:59:29,0.00
ew9451z6s2,2023-10-25 17:12:22,2.90
2jzxoef5cw,2023-10-25 17:21:56,2.90
xbumnjyvmc,2023-10-25 19:00:50,2.90
wph3jf7mvx,2023-10-25 21:45:57,2.90
4v15qex2ub,2023-10-25 22:42:44,2.90
g5h5jt10fw,2023-10-25 23:27:01,2.90
pd8ee634ie,2023-10-26 00:22:08,2.90
ew9451z6s2,2023-10-26 03:06:21,2.90
g5h5jt10fw,2023-10-26 03:28:21,2.90
flz8u6rlll,2023-10-26 04:34:53,2.90
2jzxoef5cw,2023-10-26 04:54:49,0.00
de7gjocg9r,2023-10-26 08:15:03,2.90
ix5q58h9v4,2023-10-26 08:59:15,2.90
wph3jf7mvx,2023-10-26 12:32:29,2.90
flz8u6rlll,2023-10-26 13:31:09,2.90
de7gjocg9r,2023-10-26 14:04:23,2.90
bou5vkcf3l,2023-10-26 14:10:29,2.90
ip4h2hb9ko,2023-10-26 15:31:59,2.90
i0ivudp7bf,2023-10-26 16:14:04,2.90
tth387umwk,2023-10-26 16:17:24,2.90
9w2vjl0jxm,2023-10-26 18:04:01,2.90
g5h5jt10fw,2023-10-26 18:22:48,2.90
2jzxoef5cw,2023-10-26 18:43:24,0.00
4v15qex2ub,2023-10-26 19:22:30,2.90
qsy7qe69yj,2023-10-26 23:13:44,2.90
ip4h2hb9ko,2023-10-27 00:17:00,2.90
ix5q58h9v4,2023-10-27 00:41:02,2.90
ip4h2hb9ko,2023-10-27 02:06:22,2.90
qsy7qe69yj,2023-10-27 03:13:31,2.90
qsy7qe69yj,2023-10-27 03:29:15,0.00
4v15qex2ub,2023-10-27 03:52:14,2.90
qsy7qe69yj,2023-10-27 03:57:48,0.00
9w2vjl0jxm,2023-10-27 06:00:41,2.90
4v15qex2ub,2023-10-27 07:19:02,2.90
i0ivudp7bf,2023-10-27 07:43:06,2.90
de7gjocg9r,2023-10-27 12:04:06,2.90
hgnq18rb9y,2023-10-27 12:48:05,2.90
de7gjocg9r,2023-10-27 13:30:17,2.90
ip4h2hb9ko,2023-10-27 13:36:47,2.90
4v15qex2ub,2023-10-27 15:29:17,2.90
flz8u6rlll,2023-10-27 15:30:20,2.90
flz8u6rlll,2023-10-27 15:51:14,2.90
de7gjocg9r,2023-10-27 17:16:32,0.00
wph3jf7mvx,2023-10-27 18:19:33,2.90
hgnq18rb9y,2023-10-27 21:00:12,2.90
4v15qex2ub,2023-10-27 21:10:11,2.90
9w2vjl0jxm,2023-10-27 21:37:16,2.90
hgnq18rb9y,2023-10-27 22:44:41,2.90
hgnq18rb9y,2023-10-27 23:19:38,2.90
xbumnjyvmc,2023-10-27 23:39:46,2.90
pd8ee634ie,2023-10-28 00:59:23,2.90
wph3jf7mvx,2023-10-28 01:44:51,2.90
4v15qex2ub,2023-10-28 03:04:24,2.90
2jzxoef5cw,2023-10-28 03:56:37,2.90
flz8u6rlll,2023-10-28 04:37:38,2.90
hgnq18rb9y,2023-10-28 05:01:15,2.90
4v15qex2ub,2023-10-28 05:01:40,2.90
hgnq18rb9y,2023-10-28 05:27:39,2.90
flz8u6rlll,2023-10-28 06:12:39,2.90
flz8u6rlll,2023-10-28 09:02:23,2.90
wph3jf7mvx,2023-10-28 09:57:19,2.90
de7gjocg9r,2023-10-28 10:46:18,0.00
de7gjocg9r,2023-10-28 11:04:19,0.00
bou5vkcf3l,2023-10-28 11:54:13,2.90
bp9tdsusth,2023-10-28 12:08:49,2.90
i0ivudp7bf,2023-10-28 14:58:11,2.90
hgnq18rb9y,2023-10-28 17:46:26,2.90
qsy7qe69yj,2023-10-28 18:43:14,2.90
ip4h2hb9ko,2023-10-28 20:21:24,2.90
flz8u6rlll,2023-10-28 21:31:30,2.90
de7gjocg9r,2023-10-28 22:47:31,0.00
flz8u6rlll,2023-10-28 23:15:27,0.00
wph3jf7mvx,2023-10-29 00:00:30,2.90
wph3jf7mvx,2023-10-29 01:31:44,2.90
4v15qex2ub,2023-10-29 05:41:21,2.90
2jzxoef5cw,2023-10-29 07:59:35,2.90
pd8ee634ie,2023-10-29 09:11:37,2.90
ix5q58h9v4,2023-10-29 09:22:03,2.90
wph3jf7mvx,2023-10-29 09:46:54,2.90
qsy7qe69yj,2023-10-29 10:04:38,2.90
de7gjocg9r,2023-10-29 10:41:40,0.00
de7gjocg9r,2023-10-29 10:54:40,0.00
qsy7qe69yj,2023-10-29 12:28:26,2.90
de7gjocg9r,2023-10-29 12:50:22,2.90
g5h5jt10fw,2023-10-29 13:36:37,2.90
2jzxoef5cw,2023-10-29 16:16:21,2.90
flz8u6rlll,2023-10-29 19:54:30,2.90
9w2vjl0jxm,2023-10-29 19:56:00,2.90
de7gjocg9r,2023-10-29 20:32:49,2.90
flz8u6rlll,2023-10-29 20:52:23,2.90
wph3jf7mvx,2023-10-29 22:02:41,2.90
i0ivudp7bf,2023-10-29 22:45:11,2.90
9w2vjl0jxm,2023-10-29 22:47:09,2.90
hgnq18rb9y,2023-10-30 00:14:16,2.90
4v15qex2ub,2023-10-30 00:19:59,2.90
ew9451z6s2,2023-10-30 00:27:03,2.90
de7gjocg9r,2023-10-30 00:53:23,0.00
2jzxoef5cw,2023-10-30 01:47:18,2.90
bou5vkcf3l,2023-10-30 04:09:58,2.90
9w2vjl0jxm,2023-10-30 05:19:44,2.90
i0ivudp7bf,2023-10-30 05:54:57,2.90
4v15qex2ub,2023-10-30 07:43:37,2.90
ix5q58h9v4,2023-10-30 08:52:10,2.90
ix5q58h9v4,2023-10-30 09:25:28,2.90
i0ivudp7bf,2023-10-30 10:42:49,2.90
2jzxoef5cw,2023-10-30 11:34:28,2.90
4v15qex2ub,2023-10-30 12:35:43,0.00
hgnq18rb9y,2023-10-30 13:13:39,2.90
xbumnjyvmc,2023-10-30 15:31:19,2.90
j3s940pz6k,2023-10-30 15:33:16,2.90
de7gjocg9r,2023-10-30 15:40:52,2.90
flz8u6rlll,2023-10-30 15:42:03,0.00
hgnq18rb9y,2023-10-30 16:12:07,2.90
4v15qex2ub,2023-10-30 16:13:41,0.00
g5h5jt10fw,2023-10-30 16:20:39,2.90
j3s940pz6k,2023-10-30 16:21:35,2.90
bou5vkcf3l,2023-10-30 19:39:26,2.90
ip4h2hb9ko,2023-10-30 19:43:57,2.90
tth387umwk,2023-10-30 22:00:24,2.90
i0ivudp7bf,2023-10-31 01:24:53,2.90
4v15qex2ub,2023-10-31 02:10:07,0.00
qsy7qe69yj,2023-10-31 02:37:52,2.90
j3s940pz6k,2023-10-31 02:51:27,2.90
wph3jf7mvx,2023-10-31 04:04:14,2.90
i0ivudp7bf,2023-10-31 04:39:09,2.90
4v15qex2ub,2023-10-31 05:28:22,0.00
hgnq18rb9y,2023-10-31 07:03:46,2.90
hgnq18rb9y,2023-10-31 09:06:51,0.00
ip4h2hb9ko,2023-10-31 09:42:30,2.90
hgnq18rb9y,2023-10-31 14:21:36,0.00
wph3jf7mvx,2023-10-31 15:50:38,2.90
pd8ee634ie,2023-10-31 15:58:58,2.90
2jzxoef5cw,2023-10-31 18:13:12,2.90
i0ivudp7bf,2023-10-31 18:43:31,2.90
2jzxoef5cw,2023-10-31 18:57:56,2.90
wph3jf7mvx,2023-10-31 19:09:22,0.00
hgnq18rb9y,2023-10-31 21:29:38,0.00
i0ivudp7bf,2023-10-31 21:57:07,2.90
de7gjocg9r,2023-10-31 23:01:28,2.90
g5h5jt10fw,2023-10-31 23:33:01,2.90
9w2vjl0jxm,2023-11-01 00:09:56,2.90
9w2vjl0jxm,2023-11-01 02:18:36,2.90
hgnq18rb9y,2023-11-01 02:30:23,0.00
4v15qex2ub,2023-11-01 02:56:46,2.90
tth387umwk,2023-11-01 03:19:09,2.90
hgnq18rb9y,2023-11-01 03:36:12,0.00
hgnq18rb9y,2023-11-01 05:04:17,2.90
qsy7qe69yj,2023-11-01 05:32:28,2.90
de7gjocg9r,2023-11-01 08:38:02,2.90
qsy7qe69yj,2023-11-01 08:58:11,2.90
de7gjocg9r,2023-11-01 09:42:54,2.90
4v15qex2ub,2023-11-01 12:08:00,0.00
qsy7qe69yj,2023-11-01 13:19:02,2.90
ip4h2hb9ko,2023-11-01 13:41:03,2.90
9w2vjl0jxm,2023-11-01 17:36:35,2.90
2jzxoef5cw,2023-11-01 17:47:12,2.90
bp9tdsusth,2023-11-01 19:05:16,2.90
ip4h2hb9ko,2023-11-01 21:54:20,2.90
bou5vkcf3l,2023-11-01 23:11:55,2.90
flz8u6rlll,2023-11-02 01:33:02,2.90
2jzxoef5cw,2023-11-02 02:24:32,2.90
9w2vjl0jxm,2023-11-02 02:32:07,2.90
tth387umwk,2023-11-02 02:56:12,2.90
wph3jf7mvx,2023-11-02 04:44:58,2.90
4v15qex2ub,2023-11-02 06:06:30,2.90
de7gjocg9r,2023-11-02 06:19:19,2.90
de7gjocg9r,2023-11-02 06:49:03,2.90
bp9tdsusth,2023-11-02 07:01:39,2.90
i0ivudp7bf,2023-11-02 07:41:21,2.90
flz8u6rlll,2023-11-02 09:59:19,2.90
wph3jf7mvx,2023-11-02 10:22:08,2.90
4v15qex2ub,2023-11-02 12:08:18,0.00
ew9451z6s2,2023-11-02 12:18:22,2.90
j3s940pz6k,2023-11-02 12:47:51,2.90
2jzxoef5cw,2023-11-02 12:54:38,2.90
tth387umwk,2023-11-02 13:01:37,2.90
de7gjocg9r,2023-11-02 14:31:13,2.90
ip4h2hb9ko,2023-11-02 14:47:12,2.90
g5h5jt10fw,2023-11-02 14:54:49,2.90
bou5vkcf3l,2023-11-02 15:09:51,2.90
bou5vkcf3l,2023-11-02 15:30:44,2.90
j3s940pz6k,2023-11-02 17:27:14,2.90
bou5vkcf3l,2023-11-02 23:27:26,2.90
ip4h2hb9ko,2023-11-03 03:40:42,2.90
wph3jf7mvx,2023-11-03 04:25:32,2.90
qsy7qe69yj,2023-11-03 05:48:09,2.90
m1392o51u8,2023-11-03 05:49:22,2.90
wph3jf7mvx,2023-11-03 06:35:33,0.00
ip4h2hb9ko,2023-11-03 07:46:16,2.90
de7gjocg9r,2023-11-03 11:18:02,2.90
ip4h2hb9ko,2023-11-03 11:26:59,2.90
i0ivudp7bf,2023-11-03 11:32:24,2.90
de7gjocg9r,2023-11-03 15:53:58,2.90
i0ivudp7bf,2023-11-03 17:26:50,2.90
qsy7qe69yj,2023-11-03 23:05:01,2.90
qsy7qe69yj,2023-11-03 23:37:55,2.90
4v15qex2ub,2023-11-04 01:07:04,2.90
bp9tdsusth,2023-11-04 01:15:25,2.90
qsy7qe69yj,2023-11-04 01:20:38,2.90
4v15qex2ub,2023-11-04 01:24:50,2.90
ew9451z6s2,2023-11-04 01:40:11,2.90
2jzxoef5cw,2023-11-04 03:27:35,2.90
de7gjocg9r,2023-11-04 05:21:45,2.90
de7gjocg9r,2023-11-04 07:29:49,0.00
m1392o51u8,2023-11-04 09:05:21,2.90
de7gjocg9r,2023-11-04 09:09:19,0.00
hgnq18rb9y,2023-11-04 10:27:25,2.90
9w2vjl0jxm,2023-11-04 10:37:45,2.90
g5h5jt10fw,2023-11-04 12:45:33,2.90
hgnq18rb9y,2023-11-04 13:24:39,2.90
xbumnjyvmc,2023-11-04 20:11:59,2.90
tth387umwk,2023-11-04 20:41:18,2.90
bou5vkcf3l,2023-11-04 21:07:13,2.90
2jzxoef5cw,2023-11-04 21:07:19,2.90
flz8u6rlll,2023-11-04 21:45:57,2.90
hgnq18rb9y,2023-11-04 23:11:44,2.90
ix5q58h9v4,2023-11-04 23:20:15,2.90
9w2vjl0jxm,2023-11-05 01:33:30,2.90
wph3jf7mvx,2023-11-05 01:34:07,2.90
hgnq18rb9y,2023-11-05 02:29:27,2.90
ip4h2hb9ko,2023-11-05 03:26:59,2.90
tth387umwk,2023-11-05 04:01:13,2.90
de7gjocg9r,2023-11-05 06:45:57,0.00
flz8u6rlll,2023-11-05 09:22:16,2.90
xbumnjyvmc,2023-11-05 13:06:45,2.90
ix5q58h9v4,2023-11-05 13:10:08,2.90
flz8u6rlll,2023-11-05 14:39:21,2.90
i0ivudp7bf,2023-11-05 15:07:09,2.90
4v15qex2ub,2023-11-05 15:22:33,2.90
de7gjocg9r,2023-11-05 17:00:42,2.90
bou5vkcf3l,2023-11-05 17:44:31,2.90
4v15qex2ub,2023-11-05 19:45:28,2.90
flz8u6rlll,2023-11-05 23:51:59,2.90
wph3jf7mvx,2023-11-06 00:59:07,2.90
g5h5jt10fw,2023-11-06 01:17:48,2.90
hgnq18rb9y,2023-11-06 02:19:24,2.90
tth387umwk,2023-11-06 02:51:14,2.90
hgnq18rb9y,2023-11-06 03:17:27,2.90
qsy7qe69yj,2023-11-06 05:06:39,2.90
i0ivudp7bf,2023-11-06 05:17:15,2.90
ip4h2hb9ko,2023-11-06 05:19:05,2.90
9w2vjl0jxm,2023-11-06 05:24:01,2.90
j3s940pz6k,2023-11-06 08:19:16,2.90
ip4h2hb9ko,2023-11-06 08:42:42,2.90
de7gjocg9r,2023-11-06 09:13:46,2.90
qsy7qe69yj,2023-11-06 10:15:22,2.90
j3s940pz6k,2023-11-06 11:40:21,2.90
pd8ee634ie,2023-11-06 11:50:15,2.90
de7gjocg9r,2023-11-06 11:56:10,0.00
de7gjocg9r,2023-11-06 11:59:00,0.00
xbumnjyvmc,2023-11-06 13:34:51,2.90
de7gjocg9r,2023-11-06 14:35:58,0.00
2jzxoef5cw,2023-11-06 15:02:26,2.90
wph3jf7mvx,2023-11-06 15:15:54,2.90
wph3jf7mvx,2023-11-06 15:55:58,2.90
ix5q58h9v4,2023-11-06 16:35:58,2.90
flz8u6rlll,2023-11-06 18:25:13,2.90
flz8u6rlll,2023-11-06 20:21:13,2.90
wph3jf7mvx,2023-11-07 00:24:33,2.90
4v15qex2ub,2023-11-07 00:49:55,2.90
wph3jf7mvx,2023-11-07 01:34:00,2.90
j3s940pz6k,2023-11-07 01:35:59,2.90
wph3jf7mvx,2023-11-07 05:07:51,2.90
2jzxoef5cw,2023-11-07 08:32:19,2.90
de7gjocg9r,2023-11-07 09:04:35,2.90
g5h5jt10fw,2023-11-07 10:11:10,2.90
ip4h2hb9ko,2023-11-07 11:11:05,2.90
de7gjocg9r,2023-11-07 11:44:29,0.00
ew9451z6s2,2023-11-07 13:10:52,2.90
de7gjocg9r,2023-11-07 13:27:20,0.00
2jzxoef5cw,2023-11-07 13:29:26,2.90
qsy7qe69yj,2023-11-07 13:59:24,2.90
qsy7qe69yj,2023-11-07 14:07:23,2.90
bp9tdsusth,2023-11-07 14:38:43,2.90
qsy7qe69yj,2023-11-07 15:50:22,2.90
g5h5jt10fw,2023-11-07 18:04:16,2.90
qsy7qe69yj,2023-11-07 23:54:28,0.00
tth387umwk,2023-11-08 01:20:00,2.90
qsy7qe69yj,2023-11-08 06:43:25,2.90
j3s940pz6k,2023-11-08 07:49:07,2.90
de7gjocg9r,2023-11-08 08:04:02,2.90
qsy7qe69yj,2023-11-08 09:06:02,2.90
ix5q58h9v4,2023-11-08 10:07:52,2.90
ew9451z6s2,2023-11-08 12:11:25,2.90
4v15qex2ub,2023-11-08 12:15:18,2.90
g5h5jt10fw,2023-11-08 13:24:07,2.90
j3s940pz6k,2023-11-08 14:34:29,2.90
g5h5jt10fw,2023-11-08 15:35:34,2.90
ip4h2hb9ko,2023-11-08 17:11:08,2.90
qsy7qe69yj,2023-11-08 18:03:19,2.90
de7gjocg9r,2023-11-08 21:22:52,2.90
qsy7qe69yj,2023-11-08 23:45:06,0.00
hgnq18rb9y,2023-11-08 23:54:48,2.90
qsy7qe69yj,2023-11-09 00:21:10,0.00
m1392o51u8,2023-11-09 00:25:52,2.90
g5h5jt10fw,2023-11-09 01:27:12,2.90
flz8u6rlll,2023-11-09 01:50:58,2.90
9w2vjl0jxm,2023-11-09 02:00:40,2.90
ip4h2hb9ko,2023-11-09 03:09:09,2.90
wph3jf7mvx,2023-11-09 03:35:47,2.90
wph3jf7mvx,2023-11-09 10:40:31,2.90
g5h5jt10fw,2023-11-09 10:42:23,2.90
qsy7qe69yj,2023-11-09 11:29:59,0.00
de7gjocg9r,2023-11-09 12:45:10,2.90
de7gjocg9r,2023-11-09 13:29:07,2.90
4v15qex2ub,2023-11-09 13:54:23,2.90
de7gjocg9r,2023-11-09 15:29:25,2.90
hgnq18rb9y,2023-11-09 17:54:00,2.90
2jzxoef5cw,2023-11-09 18:30:38,2.90
xbumnjyvmc,2023-11-09 18:41:18,2.90
i0ivudp7bf,2023-11-09 19:20:49,2.90
9w2vjl0jxm,2023-11-09 20:34:54,2.90
tth387umwk,2023-11-09 20:40:52,2.90
ip4h2hb9ko,2023-11-09 20:47:14,2.90
2jzxoef5cw,2023-11-09 21:06:08,2.90
wph3jf7mvx,2023-11-09 21:23:39,2.90
g5h5jt10fw,2023-11-09 22:51:22,2.90
ix5q58h9v4,2023-11-09 22:55:16,2.90
tth387umwk,2023-11-10 00:13:53,2.90
pd8ee634ie,2023-11-10 00:19:19,2.90
i0ivudp7bf,2023-11-10 00:32:41,2.90
tth387umwk,2023-11-10 01:58:44,2.90
9w2vjl0jxm,2023-11-10 02:28:08,2.90
bou5vkcf3l,2023-11-10 03:35:31,2.90
j3s940pz6k,2023-11-10 03:35:35,2.90
4v15qex2ub,2023-11-10 04:00:18,2.90
g5h5jt10fw,2023-11-10 08:14:31,2.90
9w2vjl0jxm,2023-11-10 09:16:13,2.90
flz8u6rlll,2023-11-10 09:32:37,2.90
4v15qex2ub,2023-11-10 09:42:50,2.90
de7gjocg9r,2023-11-10 11:28:38,2.90
2jzxoef5cw,2023-11-10 12:03:24,2.90
hgnq18rb9y,2023-11-10 12:30:29,2.90
ip4h2hb9ko,2023-11-10 16:38:22,2.90
ew9451z6s2,2023-11-10 17:29:15,2.90
9w2vjl0jxm,2023-11-10 18:44:22,2.90
wph3jf7mvx,2023-11-10 20:06:40,2.90
2jzxoef5cw,2023-11-10 21:04:06,2.90
2jzxoef5cw,2023-11-10 21:05:21,2.90
ip4h2hb9ko,2023-11-10 21:26:45,2.90
de7gjocg9r,2023-11-11 00:47:47,2.90
2jzxoef5cw,2023-11-11 02:23:58,2.90
tth387umwk,2023-11-11 03:21:38,2.90
hgnq18rb9y,2023-11-11 03:30:46,2.90
j3s940pz6k,2023-11-11 04:52:46,2.90
g5h5jt10fw,2023-11-11 05:00:18,2.90
ip4h2hb9ko,2023-11-11 08:27:46,2.90
flz8u6rlll,2023-11-11 12:49:05,2.90
9w2vjl0jxm,2023-11-11 13:05:01,2.90
hgnq18rb9y,2023-11-11 14:36:18,2.90
j3s940pz6k,2023-11-11 14:41:26,2.90
wph3jf7mvx,2023-11-11 15:52:39,2.90
2jzxoef5cw,2023-11-11 16:27:16,2.90
ip4h2hb9ko,2023-11-11 17:05:17,2.90
tth387umwk,2023-11-11 17:48:23,2.90
xbumnjyvmc,2023-11-11 19:57:44,2.90
flz8u6rlll,2023-11-11 21:01:10,2.90
wph3jf7mvx,2023-11-12 03:09:17,2.90
9w2vjl0jxm,2023-11-12 05:49:43,2.90
de7gjocg9r,2023-11-12 06:11:51,2.90
tth387umwk,2023-11-12 06:23:52,2.90
ew9451z6s2,2023-11-12 07:16:20,2.90
qsy7qe69yj,2023-11-12 07:41:44,2.90
9w2vjl0jxm,2023-11-12 10:16:48,2.90
i0ivudp7bf,2023-11-12 10:51:54,2.90
qsy7qe69yj,2023-11-12 12:43:48,2.90
i0ivudp7bf,2023-11-12 14:15:35,2.90
hgnq18rb9y,2023-11-12 17:01:47,2.90
qsy7qe69yj,2023-11-12 17:13:44,2.90
ix5q58h9v4,2023-11-12 19:43:26,2.90
tth387umwk,2023-11-12 19:43:53,2.90
tth387umwk,2023-11-12 19:51:12,2.90
9w2vjl0jxm,2023-11-12 22:47:54,2.90
j3s940pz6k,2023-11-13 00:25:38,2.90
ip4h2hb9ko,2023-11-13 02:29:09,2.90
ip4h2hb9ko,2023-11-13 04:44:10,2.90
g5h5jt10fw,2023-11-13 06:44:43,2.90
de7gjocg9r,2023-11-13 07:37:24,2.90
flz8u6rlll,2023-11-13 08:44:50,2.90
4v15qex2ub,2023-11-13 11:27:43,2.90
4v15qex2ub,2023-11-13 11:30:35,2.90
de7gjocg9r,2023-11-13 11:48:17,2.90
xbumnjyvmc,2023-11-13 11:49:48,2.90
4v15qex2ub,2023-11-13 12:19:53,2.90
4v15qex2ub,2023-11-13 12:26:41,2.90
bou5vkcf3l,2023-11-13 12:43:30,2.90
de7gjocg9r,2023-11-13 12:52:46,2.90
ip4h2hb9ko,2023-11-13 13:50:40,2.90
de7gjocg9r,2023-11-13 13:58:33,0.00
qsy7qe69yj,2023-11-13 16:53:09,2.90
ew9451z6s2,2023-11-13 20:25:33,2.90
9w2vjl0jxm,2023-11-13 20:55:18,2.90
2jzxoef5cw,2023-11-14 00:26:02,2.90
4v15qex2ub,2023-11-14 00:43:27,2.90
qsy7qe69yj,2023-11-14 02:47:51,2.90
de7gjocg9r,2023-11-14 03:14:48,0.00
hgnq18rb9y,2023-11-14 04:49:10,2.90
qsy7qe69yj,2023-11-14 05:21:07,2.90
bou5vkcf3l,2023-11-14 05:22:32,2.90
j3s940pz6k,2023-11-14 07:24:41,2.90
bou5vkcf3l,2023-11-14 10:32:21,2.90
de7gjocg9r,2023-11-14 11:14:13,2.90
9w2vjl0jxm,2023-11-14 13:15:42,2.90
j3s940pz6k,2023-11-14 13:50:54,2.90
4v15qex2ub,2023-11-14 13:52:41,2.90
2jzxoef5cw,2023-11-14 14:02:02,2.90
de7gjocg9r,2023-11-14 14:08:26,0.00
de7gjocg9r,2023-11-14 16:32:57,0.00
hgnq18rb9y,2023-11-14 19:52:44,2.90
qsy7qe69yj,2023-11-14 20:22:14,2.90
ix5q58h9v4,2023-11-14 22:23:16,2.90
flz8u6rlll,2023-11-15 00:35:38,2.90
qsy7qe69yj,2023-11-15 01:41:48,2.90
de7gjocg9r,2023-11-15 03:27:31,0.00
flz8u6rlll,2023-11-15 07:51:40,2.90
de7gjocg9r,2023-11-15 08:12:16,2.90
qsy7qe69yj,2023-11-15 09:48:02,2.90
ew9451z6s2,2023-11-15 11:21:11,2.90
2jzxoef5cw,2023-11-15 12:18:27,2.90
de7gjocg9r,2023-11-15 14:50:55,0.00
ip4h2hb9ko,2023-11-15 18:50:03,2.90
bp9tdsusth,2023-11-15 19:39:42,2.90
tth387umwk,2023-11-15 20:40:32,2.90
wph3jf7mvx,2023-11-15 21:00:35,2.90
qsy7qe69yj,2023-11-15 22:36:57,2.90
g5h5jt10fw,2023-11-15 23:04:19,2.90
qsy7qe69yj,2023-11-15 23:14:21,2.90
qsy7qe69yj,2023-11-16 00:36:22,2.90
flz8u6rlll,2023-11-16 00:40:26,2.90
de7gjocg9r,2023-11-16 00:59:32,2.90
ip4h2hb9ko,2023-11-16 01:17:47,2.90
g5h5jt10fw,2023-11-16 01:36:33,2.90
hgnq18rb9y,2023-11-16 02:06:33,2.90
flz8u6rlll,2023-11-16 02:59:12,2.90
4v15qex2ub,2023-11-16 06:28:58,2.90
i0ivudp7bf,2023-11-16 07:01:55,2.90
g5h5jt10fw,2023-11-16 07:31:48,2.90
xbumnjyvmc,2023-11-16 09:25:23,2.90
qsy7qe69yj,2023-11-16 09:33:42,0.00
de7gjocg9r,2023-11-16 10:44:37,0.00
qsy7qe69yj,2023-11-16 12:34:42,0.00
qsy7qe69yj,2023-11-16 13:16:26,0.00
wph3jf7mvx,2023-11-16 13:19:40,2.90
de7gjocg9r,2023-11-16 13:35:16,2.90
flz8u6rlll,2023-11-16 14:34:55,2.90
de7gjocg9r,2023-11-16 14:52:56,2.90
g5h5jt10fw,2023-11-16 14:55:01,2.90
de7gjocg9r,2023-11-16 15:09:51,0.00
hgnq18rb9y,2023-11-16 16:04:37,2.90
flz8u6rlll,2023-11-16 16:09:14,2.90
9w2vjl0jxm,2023-11-16 19:05:37,2.90
de7gjocg9r,2023-11-16 21:21:48,2.90
4v15qex2ub,2023-11-16 23:36:54,2.90
de7gjocg9r,2023-11-16 23:59:08,0.00
4v15qex2ub,2023-11-17 00:01:51,2.90
qsy7qe69yj,2023-11-17 00:33:20,0.00
4v15qex2ub,2023-11-17 00:34:08,2.90
wph3jf7mvx,2023-11-17 00:47:48,2.90
ip4h2hb9ko,2023-11-17 03:19:49,2.90
qsy7qe69yj,2023-11-17 06:09:27,0.00
4v15qex2ub,2023-11-17 09:58:14,2.90
ix5q58h9v4,2023-11-17 10:14:45,2.90
de7gjocg9r,2023-11-17 11:26:26,0.00
bou5vkcf3l,2023-11-17 12:05:36,2.90
i0ivudp7bf,2023-11-17 12:50:57,2.90
g5h5jt10fw,2023-11-17 14:15:27,2.90
ip4h2hb9ko,2023-11-17 15:02:39,2.90
i0ivudp7bf,2023-11-17 16:37:50,2.90
4v15qex2ub,2023-11-17 16:52:18,2.90
4v15qex2ub,2023-11-17 18:16:47,0.00
de7gjocg9r,2023-11-17 21:07:32,2.90
2jzxoef5cw,2023-11-17 22:44:53,2.90
g5h5jt10fw,2023-11-18 01:11:12,2.90
hgnq18rb9y,2023-11-18 01:19:10,2.90
ip4h2hb9ko,2023-11-18 01:20:58,2.90
wph3jf7mvx,2023-11-18 01:25:25,2.90
bou5vkcf3l,2023-11-18 03:23:50,2.90
de7gjocg9r,2023-11-18 05:25:58,2.90
de7gjocg9r,2023-11-18 06:45:11,0.00
4v15qex2ub,2023-11-18 07:33:22,0.00
qsy7qe69yj,2023-11-18 07:36:46,0.00
hgnq18rb9y,2023-11-18 08:54:14,2.90
ix5q58h9v4,2023-11-18 09:21:51,2.90
qsy7qe69yj,2023-11-18 09:22:01,0.00
de7gjocg9r,2023-11-18 09:33:30,0.00
bp9tdsusth,2023-11-18 15:08:03,2.90
de7gjocg9r,2023-11-18 16:09:49,0.00
9w2vjl0jxm,2023-11-18 16:53:02,2.90
wph3jf7mvx,2023-11-18 17:58:12,2.90
9w2vjl0jxm,2023-11-18 20:09:17,2.90
qsy7qe69yj,2023-11-18 20:16:38,0.00
tth387umwk,2023-11-18 23:11:46,2.90
wph3jf7mvx,2023-11-19 00:40:30,2.90
4v15qex2ub,2023-11-19 01:10:21,0.00
qsy7qe69yj,2023-11-19 02:56:40,0.00
de7gjocg9r,2023-11-19 03:31:46,0.00
flz8u6rlll,2023-11-19 04:58:32,2.90
bou5vkcf3l,2023-11-19 07:11:15,2.90
i0ivudp7bf,2023-11-19 08:17:38,2.90
de7gjocg9r,2023-11-19 08:54:01,2.90
de7gjocg9r,2023-11-19 10:11:16,0.00
de7gjocg9r,2023-11-19 10:25:51,0.00
de7gjocg9r,2023-11-19 10:44:00,0.00
de7gjocg9r,2023-11-19 15:05:00,0.00
4v15qex2ub,2023-11-19 15:12:29,0.00
de7gjocg9r,2023-11-19 15:27:23,0.00
2jzxoef5cw,2023-11-19 15:38:56,2.90
4v15qex2ub,2023-11-19 15:48:27,0.00
flz8u6rlll,2023-11-19 16:05:34,2.90
2jzxoef5cw,2023-11-19 18:46:45,2.90
qsy7qe69yj,2023-11-19 19:36:48,2.90
wph3jf7mvx,2023-11-19 21:58:48,2.90
g5h5jt10fw,2023-11-19 22:07:27,2.90
i0ivudp7bf,2023-11-19 23:06:05,2.90
qsy7qe69yj,2023-11-19 23:54:22,2.90
ip4h2hb9ko,2023-11-20 00:12:45,2.90
flz8u6rlll,2023-11-20 01:23:31,2.90
9w2vjl0jxm,2023-11-20 02:25:42,2.90
ix5q58h9v4,2023-11-20 03:04:50,2.90
2jzxoef5cw,2023-11-20 03:58:29,2.90
de7gjocg9r,2023-11-20 04:01:53,0.00
qsy7qe69yj,2023-11-20 04:07:51,2.90
ip4h2hb9ko,2023-11-20 05:21:23,2.90
wph3jf7mvx,2023-11-20 08:14:36,2.90
ip4h2hb9ko,2023-11-20 08:59:11,2.90
flz8u6rlll,2023-11-20 09:01:13,2.90
g5h5jt10fw,2023-11-20 10:50:46,2.90
g5h5jt10fw,2023-11-20 11:59:30,2.90
wph3jf7mvx,2023-11-20 13:22:26,2.90
9w2vjl0jxm,2023-11-20 14:46:03,2.90
de7gjocg9r,2023-11-20 15:17:31,2.90
9w2vjl0jxm,2023-11-20 15:41:08,2.90
de7gjocg9r,2023-11-20 17:14:46,2.90
hgnq18rb9y,2023-11-20 23:59:51,2.90
j3s940pz6k,2023-11-21 00:41:52,2.90
i0ivudp7bf,2023-11-21 01:27:32,2.90
9w2vjl0jxm,2023-11-21 03:29:27,2.90
qsy7qe69yj,2023-11-21 03:34:03,2.90
bp9tdsusth,2023-11-21 04:23:10,2.90
ix5q58h9v4,2023-11-21 05:43:20,2.90
2jzxoef5cw,2023-11-21 05:53:31,2.90
bou5vkcf3l,2023-11-21 06:35:19,2.90
ip4h2hb9ko,2023-11-21 07:20:19,2.90
9w2vjl0jxm,2023-11-21 08:30:25,2.90
tth387umwk,2023-11-21 09:01:29,2.90
hgnq18rb9y,2023-11-21 09:57:15,2.90
wph3jf7mvx,2023-11-21 12:05:24,2.90
bou5vkcf3l,2023-11-21 13:14:10,2.90
de7gjocg9r,2023-11-21 13:24:58,2.90
tth387umwk,2023-11-21 14:36:45,2.90
de7gjocg9r,2023-11-21 15:00:13,2.90
xbumnjyvmc,2023-11-21 19:56:18,2.90
ip4h2hb9ko,2023-11-21 20:20:33,2.90
pd8ee634ie,2023-11-21 20:28:06,2.90
2jzxoef5cw,2023-11-21 21:09:37,2.90
ip4h2hb9ko,2023-11-21 21:27:23,2.90
hgnq18rb9y,2023-11-21 21:37:58,2.90
pd8ee634ie,2023-11-21 22:35:15,2.90
4v15qex2ub,2023-11-21 22:48:21,2.90
9w2vjl0jxm,2023-11-21 23:10:51,2.90
j3s940pz6k,2023-11-21 23:30:55,2.90
pd8ee634ie,2023-11-21 23:34:54,2.90
2jzxoef5cw,2023-11-22 00:07:03,2.90
4v15qex2ub,2023-11-22 00:22:15,2.90
xbumnjyvmc,2023-11-22 01:35:21,2.90
j3s940pz6k,2023-11-22 02:01:45,2.90
4v15qex2ub,2023-11-22 02:53:34,2.90
qsy7qe69yj,2023-11-22 04:19:40,2.90
4v15qex2ub,2023-11-22 05:27:00,2.90
ip4h2hb9ko,2023-11-22 05:42:25,2.90
de7gjocg9r,2023-11-22 09:21:42,2.90
de7gjocg9r,2023-11-22 10:08:24,0.00
bp9tdsusth,2023-11-22 13:23:48,2.90
de7gjocg9r,2023-11-22 13:36:05,0.00
9w2vjl0jxm,2023-11-22 14:13:26,2.90
qsy7qe69yj,2023-11-22 18:39:54,2.90
2jzxoef5cw,2023-11-22 18:55:44,2.90
9w2vjl0jxm,2023-11-22 19:13:48,2.90
xbumnjyvmc,2023-11-22 19:23:45,2.90
hgnq18rb9y,2023-11-22 22:08:39,2.90
9w2vjl0jxm,2023-11-23 00:55:33,2.90
pd8ee634ie,2023-11-23 01:51:55,2.90
bou5vkcf3l,2023-11-23 02:13:37,2.90
de7gjocg9r,2023-11-23 06:18:33,2.90
hgnq18rb9y,2023-11-23 09:47:31,2.90
qsy7qe69yj,2023-11-23 10:03:54,2.90
9w2vjl0jxm,2023-11-23 11:58:28,0.00
ip4h2hb9ko,2023-11-23 12:01:52,2.90
i0ivudp7bf,2023-11-23 13:25:12,2.90
flz8u6rlll,2023-11-23 15:53:05,2.90
de7gjocg9r,2023-11-23 18:22:23,2.90
i0ivudp7bf,2023-11-23 19:18:18,2.90
ip4h2hb9ko,2023-11-23 19:25:40,2.90
de7gjocg9r,2023-11-23 22:21:14,2.90
bou5vkcf3l,2023-11-23 22:38:35,2.90
ew9451z6s2,2023-11-23 23:35:06,2.90
g5h5jt10fw,2023-11-24 04:24:40,2.90
de7gjocg9r,2023-11-24 05:49:54,2.90
ip4h2hb9ko,2023-11-24 06:00:24,2.90
flz8u6rlll,2023-11-24 06:19:28,2.90
qsy7qe69yj,2023-11-24 06:49:30,2.90
pd8ee634ie,2023-11-24 08:54:36,2.90
de7gjocg9r,2023-11-24 09:10:31,0.00
wph3jf7mvx,2023-11-24 09:10:57,2.90
flz8u6rlll,2023-11-24 13:59:13,2.90
g5h5jt10fw,2023-11-24 14:28:57,2.90
pd8ee634ie,2023-11-24 16:58:23,2.90
tth387umwk,2023-11-24 17:56:06,2.90
g5h5jt10fw,2023-11-24 17:56:18,2.90
m1392o51u8,2023-11-24 19:35:07,2.90
de7gjocg9r,2023-11-24 20:13:32,0.00
g5h5jt10fw,2023-11-24 20:15:51,2.90
i0ivudp7bf,2023-11-24 22:25:13,2.90
9w2vjl0jxm,2023-11-24 23:11:26,2.90
j3s940pz6k,2023-11-25 00:48:42,2.90
ix5q58h9v4,2023-11-25 01:52:58,2.90
wph3jf7mvx,2023-11-25 03:11:39,2.90
ip4h2hb9ko,2023-11-25 05:17:18,2.90
ew9451z6s2,2023-11-25 07:22:27,2.90
ip4h2hb9ko,2023-11-25 07:31:50,2.90
flz8u6rlll,2023-11-25 08:29:46,2.90
wph3jf7mvx,2023-11-25 08:48:36,2.90
wph3jf7mvx,2023-11-25 10:14:42,2.90
qsy7qe69yj,2023-11-25 11:15:41,2.90
j3s940pz6k,2023-11-25 12:45:51,2.90
wph3jf7mvx,2023-11-25 14:35:17,2.90
hgnq18rb9y,2023-11-25 18:20:57,2.90
de7gjocg9r,2023-11-25 19:49:25,2.90
